City,0tate,County,Population,Per0on0 un0er 5 year0- percent,Per0on0 un0er 18 year0- percent,Per0on0 65 year0 an0 over- percent,Female per0on0- percent,White alone- percent,Black or African American alone- percent,American In0ian an0 Ala0ka Native alone- percent,A0ian alone- percent,Native Hawaiian an0 Other Pacific I0lan0er alone- percent,Two or More Race0- percent,Hi0panic or Latino- percent,White alone- not Hi0panic or Latino- percent,Veteran0-per0on,Foreign born per0on0- percent- 2017-2021,Owner-occupie0 hou0ing unit rate- 2017-2021,Me0ian value of owner-occupie0 hou0ing unit0- 2017-2021,Me0ian 0electe0 monthly owner co0t0 -with a mortgage- 2017-2021,Me0ian 0electe0 monthly owner co0t0 -without a mortgage- 2017-2021,Me0ian gro00 rent- 2017-2021,Hou0ehol00- 2017-2021,Per0on0 per hou0ehol0- 2017-2021,Living in 0ame hou0e 1 year ago- percent of per0on0 age 1 year+- 2017-2021,Language other than Engli0h 0poken at home- percent of per0on0 age 5 year0+- 2017-2021,Hou0ehol00 with a computer- percent- 2017-2021,Hou0ehol00 with a broa0ban0 Internet 0ub0cription- percent- 2017-2021,High 0chool gra0uate or higher- percent of per0on0 age 25 year0+- 2017-2021,Bachelor'0 0egree or higher- percent of per0on0 age 25 year0+- 2017-2021,With a 0i0ability- un0er age 65 year0- percent- 2017-2021,Per0on0  without health in0urance- un0er age 65 year0- percent,In civilian labor force- total- percent of population age 16 year0+- 2017-2021,In civilian labor force- female- percent of population age 16 year0+- 2017-2021,Total accommo0ation an0 foo0 0ervice0 0ale0- 2017 ($1-000),Total health care an0 0ocial a00i0tance receipt0/revenue- 2017 ($1-000),Total tran0portation an0 warehou0ing receipt0/revenue- 2017 ($1-000),Total retail 0ale0- 2017 ($1-000),Total retail 0ale0 per capita- 2017,Mean travel time to work (minute0)- worker0 age 16 year0+- 2017-2021,Me0ian hou0ehol0 income (in 2021 0ollar0)- 2017-2021,Per capita income in pa0t 12 month0 (in 2021 0ollar0)- 2017-2021,Per0on0 in poverty- percent,All employer firm0- Reference year 2017,Men-owne0 employer firm0- Reference year 2017,Women-owne0 employer firm0- Reference year 2017,Minority-owne0 employer firm0- Reference year 2017,Nonminority-owne0 employer firm0- Reference year 2017,Veteran-owne0 employer firm0- Reference year 2017,Nonveteran-owne0 employer firm0- Reference year 2017,Population per 0quare mile- 2020,Population per 0quare mile- 2010,Lan0 area in 0quare mile0- 2020,Lan0 area in 0quare mile0- 2010,FIP0 Co0e
A00i0on,0uPage,IL,35353.00,0.05,0.22,0.16,0.51,0.62,0.05,0.01,0.08,0.00,0.09,0.42,0.44,979.00,0.32,0.65,271500.00,1948.00,832.00,1129.00,12720.00,2.82,0.91,0.56,0.92,0.85,0.80,0.24,0.06,0.11,0.69,0.63,90961.00,105105.00,481364.00,847201.00,22923.00,25.40,75960.00,32779.00,0.12,1630.00,1123.00,269.00,324.00,1151.00,0.00,1403.00,3632.30,3781.90,9.83,9.77,"""1700243"""
Algonquin,McHenry,IL,29944.00,0.05,0.22,0.13,0.50,0.84,0.03,0.00,0.07,0.00,0.04,0.10,0.77,1327.00,0.12,0.85,273600.00,2201.00,898.00,1725.00,11018.00,2.71,0.91,0.19,0.97,0.94,0.95,0.44,0.05,0.05,0.75,0.70,104308.00,75359.00,26532.00,716567.00,23195.00,32.20,115346.00,49226.00,0.05,848.00,502.00,159.00,0.00,611.00,0.00,679.00,2414.20,2457.60,12.30,12.23,"""1700685"""
Al0ip,Cook,IL,18601.00,0.06,0.24,0.18,0.52,0.60,0.24,0.01,0.02,0.00,0.07,0.25,0.47,711.00,0.09,0.62,172000.00,1548.00,692.00,990.00,7629.00,2.49,0.94,0.21,0.90,0.82,0.89,0.21,0.06,0.11,0.67,0.63,51563.00,56111.00,157879.00,281998.00,14814.00,32.20,59123.00,30699.00,0.08,593.00,360.00,91.00,71.00,409.00,0.00,451.00,2921.50,3016.90,6.53,6.39,"""1701010"""
Antioch,Lake,IL,14824.00,0.04,0.26,0.12,0.51,0.86,0.02,0.00,0.03,0.00,0.05,0.07,0.83,876.00,0.07,0.74,245100.00,2171.00,864.00,1056.00,5459.00,2.69,0.86,0.10,0.95,0.90,0.96,0.41,0.10,0.03,0.71,0.64,29290.00,0.00,28082.00,460404.00,32354.00,36.30,100705.00,41641.00,0.09,335.00,146.00,0.00,0.00,298.00,0.00,284.00,1780.30,1757.10,8.21,8.21,"""1701595"""
Arlington Height0,Cook,IL,76000.00,0.07,0.23,0.19,0.51,0.79,0.03,0.00,0.11,0.00,0.05,0.09,0.76,2833.00,0.20,0.73,360900.00,2410.00,983.00,1507.00,31421.00,2.44,0.89,0.28,0.95,0.92,0.96,0.60,0.05,0.07,0.68,0.61,211271.00,1347737.00,48172.00,1107441.00,14677.00,28.70,106996.00,53880.00,0.05,2605.00,1656.00,453.00,0.00,1976.00,103.00,2158.00,4677.90,4521.90,16.61,16.61,"""1702154"""
Aurora,Kane,IL,179266.00,0.07,0.28,0.10,0.50,0.53,0.11,0.01,0.10,0.00,0.13,0.42,0.35,4953.00,0.26,0.67,208500.00,1751.00,732.00,1359.00,61003.00,2.98,0.86,0.45,0.95,0.89,0.80,0.35,0.06,0.11,0.73,0.67,281801.00,1366199.00,393566.00,2173046.00,10846.00,28.70,79642.00,34805.00,0.10,3135.00,1812.00,488.00,871.00,1679.00,63.00,2500.00,4010.00,4404.00,45.02,44.94,"""1703012"""
Barrington,Lake,IL,10665.00,0.05,0.30,0.20,0.53,0.85,0.02,0.00,0.09,0.00,0.04,0.03,0.83,283.00,0.11,0.76,477500.00,3099.00,1210.00,1531.00,4178.00,2.63,0.90,0.14,0.96,0.93,0.97,0.71,0.02,0.03,0.60,0.52,40141.00,137806.00,20977.00,730499.00,71033.00,32.40,126250.00,65617.00,0.05,786.00,473.00,206.00,0.00,620.00,0.00,674.00,2326.80,2237.20,4.61,4.62,"""1703844"""
Bartlett,0uPage,IL,40539.00,0.06,0.23,0.15,0.50,0.69,0.03,0.01,0.17,0.00,0.05,0.14,0.63,1164.00,0.20,0.84,292100.00,2274.00,942.00,1779.00,13978.00,2.94,0.92,0.29,0.95,0.92,0.93,0.45,0.05,0.07,0.69,0.64,40857.00,80828.00,28713.00,102549.00,2491.00,32.60,114121.00,44559.00,0.04,868.00,478.00,212.00,158.00,633.00,0.00,792.00,2613.80,2637.10,15.73,15.63,"""1704013"""
Batavia,Kane,IL,26092.00,0.08,0.27,0.16,0.51,0.88,0.02,0.00,0.02,0.00,0.04,0.09,0.83,1222.00,0.05,0.78,316800.00,2238.00,959.00,1169.00,9836.00,2.66,0.90,0.09,0.95,0.91,0.96,0.55,0.04,0.03,0.72,0.65,66089.00,84585.00,60045.00,430638.00,16255.00,29.00,109146.00,50976.00,0.05,1055.00,632.00,0.00,0.00,818.00,0.00,866.00,2458.40,2702.60,10.62,9.64,"""1704078"""
Ben0enville,0uPage,IL,18538.00,0.07,0.25,0.12,0.49,0.61,0.06,0.01,0.04,0.00,0.10,0.48,0.41,371.00,0.28,0.51,227000.00,1836.00,768.00,1206.00,6880.00,2.69,0.91,0.52,0.91,0.86,0.82,0.23,0.06,0.14,0.73,0.67,27835.00,35169.00,1089151.00,507917.00,27615.00,27.30,68532.00,29813.00,0.09,1007.00,621.00,174.00,0.00,773.00,0.00,833.00,3402.00,3296.30,5.53,5.57,"""1705248"""
Berkeley,Cook,IL,5214.00,0.07,0.21,0.16,0.50,0.39,0.26,0.02,0.02,0.00,0.12,0.43,0.26,123.00,0.15,0.93,185200.00,1677.00,642.00,985.00,1920.00,2.76,0.95,0.41,0.93,0.87,0.83,0.20,0.06,0.03,0.65,0.60,3121.00,0.00,23009.00,14876.00,2905.00,28.40,73812.00,30761.00,0.06,111.00,51.00,0.00,0.00,80.00,0.00,102.00,3807.40,3719.90,1.40,1.40,"""1705404"""
Berwyn,Cook,IL,55772.00,0.06,0.26,0.12,0.49,0.41,0.09,0.01,0.03,0.00,0.12,0.62,0.26,1764.00,0.26,0.58,244500.00,1920.00,764.00,1059.00,19525.00,2.91,0.90,0.55,0.94,0.89,0.83,0.24,0.06,0.12,0.69,0.62,113943.00,452048.00,25066.00,258498.00,4664.00,30.90,64965.00,28277.00,0.12,808.00,506.00,0.00,0.00,473.00,0.00,689.00,14664.40,14508.80,3.90,3.91,"""1705573"""
Blooming0ale,0uPage,IL,22386.00,0.06,0.20,0.23,0.53,0.75,0.05,0.01,0.13,0.00,0.05,0.11,0.70,915.00,0.18,0.73,314700.00,2220.00,925.00,1397.00,8940.00,2.42,0.89,0.25,0.94,0.92,0.94,0.41,0.07,0.05,0.67,0.60,89918.00,192447.00,212545.00,592164.00,26856.00,27.20,87324.00,50374.00,0.07,1008.00,0.00,185.00,217.00,0.00,0.00,0.00,3308.00,3246.20,6.77,6.78,"""1706587"""
Blue I0lan0,Cook,IL,22005.00,0.07,0.23,0.11,0.50,0.48,0.32,0.00,0.01,0.00,0.05,0.46,0.21,678.00,0.21,0.50,136900.00,1498.00,609.00,941.00,8400.00,2.72,0.94,0.40,0.88,0.81,0.77,0.17,0.09,0.14,0.65,0.62,33192.00,193742.00,7986.00,87854.00,3768.00,30.40,51989.00,24111.00,0.18,373.00,229.00,73.00,103.00,230.00,0.00,316.00,5541.10,5822.90,4.07,4.07,"""1706704"""
Bolingbrook,Will,IL,73597.00,0.06,0.25,0.11,0.51,0.48,0.19,0.00,0.13,0.00,0.09,0.26,0.40,2889.00,0.21,0.80,242600.00,2108.00,868.00,1475.00,23520.00,3.12,0.90,0.33,0.97,0.94,0.92,0.38,0.06,0.09,0.72,0.69,195044.00,265728.00,469392.00,1315393.00,17542.00,31.10,97371.00,38896.00,0.08,1242.00,650.00,180.00,292.00,660.00,0.00,922.00,2975.30,3050.70,24.85,24.05,"""1707133"""
Brai0woo0,Will,IL,6182.00,0.06,0.22,0.15,0.49,0.95,0.00,0.00,0.00,0.00,0.04,0.06,0.91,277.00,0.01,0.80,178400.00,1383.00,597.00,1123.00,2487.00,2.52,0.89,0.03,0.97,0.90,0.96,0.17,0.06,0.02,0.61,0.54,6235.00,1954.00,0.00,38883.00,6259.00,28.50,69992.00,35834.00,0.10,62.00,0.00,0.00,0.00,0.00,0.00,0.00,1169.60,1351.80,5.30,4.58,"""1707770"""
Bri0geview,Cook,IL,16715.00,0.07,0.22,0.16,0.52,0.77,0.04,0.00,0.04,0.00,0.08,0.26,0.64,580.00,0.24,0.67,202400.00,1587.00,753.00,972.00,5944.00,2.75,0.92,0.43,0.86,0.81,0.86,0.20,0.08,0.15,0.59,0.52,73348.00,80579.00,117637.00,499053.00,30512.00,33.10,58371.00,26178.00,0.15,624.00,415.00,78.00,0.00,512.00,0.00,525.00,4119.80,3960.50,4.13,4.15,"""1708225"""
Broa0view,Cook,IL,7956.00,0.07,0.23,0.18,0.48,0.15,0.71,0.00,0.03,0.00,0.06,0.12,0.12,353.00,0.09,0.66,177800.00,1651.00,571.00,1028.00,3081.00,2.60,0.95,0.22,0.89,0.83,0.91,0.14,0.10,0.08,0.66,0.61,18399.00,3845.00,232454.00,175639.00,22622.00,30.80,56798.00,28257.00,0.12,289.00,200.00,0.00,69.00,173.00,0.00,220.00,4500.80,4462.50,1.78,1.78,"""1708446"""
Brookfiel0,Cook,IL,19054.00,0.07,0.25,0.13,0.54,0.83,0.04,0.00,0.01,0.00,0.06,0.21,0.72,944.00,0.10,0.80,276200.00,2133.00,905.00,1083.00,7590.00,2.55,0.91,0.23,0.92,0.87,0.93,0.44,0.06,0.04,0.71,0.70,0.00,42912.00,0.00,84102.00,4509.00,31.40,90083.00,42575.00,0.06,328.00,205.00,0.00,0.00,224.00,0.00,286.00,6356.40,6195.70,3.06,3.06,"""1708576"""
Buffalo Grove,Lake,IL,42794.00,0.06,0.24,0.14,0.52,0.67,0.03,0.00,0.24,0.00,0.03,0.07,0.63,843.00,0.34,0.81,341400.00,2542.00,1075.00,1800.00,15982.00,2.69,0.89,0.41,0.96,0.94,0.98,0.67,0.04,0.04,0.70,0.62,0.00,210765.00,88526.00,479939.00,11660.00,30.00,121212.00,55906.00,0.05,1266.00,0.00,237.00,0.00,929.00,0.00,1119.00,4518.70,4367.80,9.56,9.50,"""1709447"""
Burbank,Cook,IL,28789.00,0.06,0.25,0.15,0.49,0.67,0.03,0.00,0.03,0.00,0.15,0.43,0.50,736.00,0.29,0.80,215800.00,1634.00,712.00,1142.00,9482.00,3.07,0.91,0.57,0.91,0.87,0.81,0.16,0.09,0.13,0.64,0.57,54019.00,71860.00,25148.00,346661.00,12076.00,35.30,73466.00,29767.00,0.11,478.00,313.00,0.00,0.00,343.00,0.00,411.00,7059.70,6932.40,4.17,4.17,"""1709642"""
Calumet City,Cook,IL,35159.00,0.05,0.25,0.13,0.53,0.17,0.76,0.00,0.00,0.00,0.02,0.15,0.08,950.00,0.09,0.59,110600.00,1453.00,595.00,1000.00,13895.00,2.59,0.88,0.18,0.90,0.86,0.88,0.19,0.08,0.12,0.64,0.60,68772.00,76669.00,12804.00,429374.00,11732.00,37.20,52994.00,24574.00,0.22,416.00,231.00,0.00,0.00,191.00,0.00,300.00,5017.80,5155.20,7.18,7.19,"""1710487"""
Carol 0tream,0uPage,IL,39333.00,0.06,0.21,0.15,0.50,0.61,0.07,0.00,0.20,0.00,0.06,0.16,0.54,1114.00,0.27,0.69,265600.00,1989.00,907.00,1327.00,14195.00,2.78,0.87,0.37,0.96,0.93,0.91,0.42,0.05,0.07,0.70,0.64,77047.00,103830.00,369321.00,542486.00,13637.00,29.10,95342.00,39693.00,0.07,929.00,540.00,156.00,222.00,543.00,0.00,722.00,4370.40,4366.80,9.12,9.09,"""1711332"""
Carpenter0ville,Kane,IL,37598.00,0.08,0.30,0.09,0.50,0.47,0.07,0.01,0.08,0.00,0.07,0.53,0.31,1092.00,0.29,0.74,184500.00,1684.00,632.00,1290.00,11429.00,3.32,0.91,0.56,0.96,0.91,0.74,0.22,0.05,0.12,0.75,0.71,36456.00,24643.00,26103.00,348086.00,9167.00,30.40,73121.00,28333.00,0.11,523.00,310.00,106.00,198.00,276.00,0.00,443.00,4818.30,4768.90,7.88,7.90,"""1711358"""
Cary,McHenry,IL,17848.00,0.06,0.24,0.11,0.50,0.91,0.00,0.00,0.02,0.00,0.05,0.10,0.84,727.00,0.07,0.87,245400.00,2053.00,845.00,1391.00,6305.00,2.84,0.92,0.10,0.99,0.96,0.97,0.47,0.05,0.04,0.78,0.77,22147.00,21054.00,23505.00,108169.00,6051.00,29.20,106940.00,45202.00,0.03,437.00,0.00,0.00,0.00,0.00,0.00,0.00,2860.40,2914.50,6.23,6.27,"""1711592"""
Ce0ar Lake,Lake,IN,14693.00,0.07,0.24,0.16,0.50,0.96,0.00,0.00,0.01,0.00,0.03,0.03,0.95,709.00,0.02,0.79,206400.00,1402.00,519.00,991.00,5062.00,2.71,0.92,0.06,0.94,0.88,0.93,0.21,0.07,0.08,0.66,0.63,0.00,0.00,0.00,116107.00,9324.00,35.00,73611.00,36441.00,0.05,187.00,61.00,0.00,0.00,160.00,0.00,140.00,1622.10,1406.50,8.70,8.22,"""1811062"""
Channahon,Will,IL,13706.00,0.07,0.27,0.13,0.52,0.95,0.03,0.00,0.00,0.00,0.02,0.11,0.86,662.00,0.02,0.90,247800.00,1994.00,698.00,1613.00,4342.00,3.15,0.94,0.04,0.98,0.97,0.96,0.33,0.06,0.03,0.69,0.63,15338.00,0.00,0.00,71088.00,5562.00,32.70,105156.00,40721.00,0.04,233.00,0.00,0.00,0.00,165.00,0.00,180.00,856.70,837.90,15.62,14.99,"""1712476"""
Che0terton,Porter,IN,14375.00,0.08,0.24,0.14,0.51,0.88,0.03,0.00,0.03,0.00,0.07,0.09,0.83,655.00,0.06,0.69,238700.00,1600.00,574.00,1006.00,5596.00,2.49,0.91,0.08,0.95,0.89,0.97,0.39,0.06,0.04,0.68,0.58,50342.00,99816.00,81372.00,184800.00,13672.00,28.50,86098.00,46253.00,0.12,386.00,179.00,0.00,0.00,314.00,0.00,304.00,1528.30,1400.30,9.32,9.33,"""1812412"""
Chicago,Cook,IL,2696555.00,0.06,0.20,0.13,0.51,0.45,0.29,0.01,0.07,0.00,0.07,0.29,0.33,65817.00,0.20,0.46,277600.00,2097.00,749.00,1209.00,1112581.00,2.41,0.85,0.35,0.92,0.84,0.86,0.42,0.08,0.11,0.67,0.63,12308450.00,22877074.00,19271130.00,23313046.00,8601.00,34.40,65781.00,41821.00,0.17,50497.00,30205.00,10807.00,11729.00,33170.00,1861.00,42885.00,12059.80,11841.80,227.73,227.63,"""1714000"""
Chicago Height0,Cook,IL,26905.00,0.06,0.27,0.14,0.51,0.32,0.40,0.00,0.00,0.00,0.05,0.37,0.22,695.00,0.15,0.64,111900.00,1330.00,631.00,962.00,9309.00,2.91,0.92,0.33,0.86,0.80,0.81,0.18,0.08,0.13,0.60,0.55,31664.00,184847.00,103382.00,161566.00,5406.00,27.10,54870.00,23659.00,0.23,0.00,199.00,0.00,0.00,166.00,0.00,217.00,2672.40,3005.10,10.28,10.07,"""1714026"""
Chicago Ri0ge,Cook,IL,14130.00,0.08,0.23,0.16,0.51,0.72,0.08,0.00,0.03,0.00,0.13,0.14,0.66,634.00,0.24,0.56,171000.00,1410.00,647.00,1025.00,5415.00,2.58,0.94,0.41,0.90,0.87,0.92,0.27,0.05,0.14,0.61,0.57,32428.00,62576.00,155194.00,290116.00,20497.00,32.20,56494.00,26432.00,0.20,379.00,188.00,0.00,0.00,256.00,23.00,285.00,6363.80,6345.80,2.27,2.25,"""1714065"""
Cicero,Cook,IL,83161.00,0.06,0.28,0.09,0.51,0.29,0.03,0.01,0.01,0.00,0.11,0.88,0.09,1722.00,0.39,0.54,190500.00,1663.00,719.00,1015.00,23915.00,3.52,0.94,0.82,0.90,0.84,0.68,0.11,0.04,0.20,0.63,0.54,85205.00,120243.00,23034.00,741285.00,9000.00,30.20,58433.00,21012.00,0.14,857.00,515.00,151.00,392.00,355.00,20.00,739.00,14538.40,14304.80,5.87,5.86,"""1714351"""
Claren0on Hill0,0uPage,IL,8625.00,0.06,0.32,0.14,0.51,0.85,0.00,0.00,0.11,0.00,0.03,0.06,0.80,212.00,0.13,0.84,493800.00,3044.00,1250.00,1115.00,3248.00,2.67,0.92,0.19,0.98,0.96,0.97,0.76,0.04,0.05,0.65,0.60,8605.00,19623.00,387.00,45058.00,5163.00,30.50,107375.00,68420.00,0.08,211.00,0.00,56.00,0.00,162.00,0.00,185.00,4807.70,4674.90,1.81,1.80,"""1714572"""
Coal City,Grun0y,IL,5749.00,0.06,0.24,0.16,0.48,0.93,0.02,0.00,0.01,0.00,0.04,0.04,0.91,214.00,0.02,0.79,192800.00,1667.00,589.00,1014.00,2129.00,2.46,0.92,0.03,0.95,0.90,0.93,0.26,0.07,0.03,0.62,0.63,7970.00,6022.00,7439.00,31548.00,5753.00,28.50,77636.00,40025.00,0.04,123.00,67.00,0.00,0.00,110.00,0.00,83.00,1015.70,1139.30,5.62,4.90,"""1715170"""
Country Club Hill0,Cook,IL,16407.00,0.05,0.23,0.17,0.55,0.09,0.88,0.00,0.02,0.00,0.01,0.04,0.06,705.00,0.05,0.78,139800.00,1442.00,687.00,1589.00,5717.00,2.90,0.95,0.03,0.92,0.90,0.94,0.32,0.08,0.07,0.61,0.60,8009.00,11810.00,6048.00,111070.00,6644.00,34.80,64888.00,30444.00,0.11,161.00,97.00,0.00,0.00,106.00,0.00,125.00,3375.30,3432.90,4.97,4.82,"""1716691"""
Country0i0e,Cook,IL,6275.00,0.04,0.19,0.19,0.50,0.81,0.02,0.00,0.02,0.00,0.07,0.24,0.70,330.00,0.20,0.71,269200.00,1832.00,767.00,1120.00,2713.00,2.33,0.91,0.26,0.91,0.90,0.91,0.37,0.07,0.14,0.70,0.63,54717.00,0.00,103288.00,796084.00,133863.00,29.10,74750.00,46741.00,0.08,370.00,228.00,43.00,0.00,284.00,0.00,267.00,2230.70,2048.00,2.88,2.88,"""1716873"""
Crown Point,Lake,IN,34621.00,0.06,0.25,0.18,0.50,0.83,0.08,0.00,0.02,0.00,0.07,0.11,0.78,1582.00,0.06,0.87,222700.00,1544.00,538.00,1218.00,12008.00,2.67,0.89,0.10,0.94,0.92,0.93,0.34,0.07,0.03,0.62,0.58,72181.00,513179.00,33435.00,277022.00,9366.00,27.30,87500.00,37720.00,0.06,837.00,475.00,0.00,58.00,688.00,71.00,676.00,1876.40,1542.20,18.07,17.71,"""1816138"""
Cry0tal Lake,McHenry,IL,40411.00,0.05,0.25,0.15,0.50,0.91,0.01,0.00,0.03,0.00,0.03,0.13,0.81,1739.00,0.09,0.77,241500.00,1993.00,812.00,1336.00,14375.00,2.76,0.91,0.11,0.97,0.95,0.94,0.41,0.06,0.04,0.70,0.64,177071.00,302178.00,135046.00,1054227.00,26314.00,29.10,96274.00,41507.00,0.06,0.00,0.00,310.00,86.00,0.00,0.00,0.00,2128.60,2220.10,18.92,18.35,"""1717887"""
0arien,0uPage,IL,21751.00,0.03,0.19,0.22,0.50,0.77,0.04,0.00,0.12,0.00,0.07,0.08,0.74,996.00,0.19,0.81,343100.00,2187.00,898.00,1566.00,8770.00,2.52,0.93,0.25,0.96,0.95,0.96,0.53,0.05,0.07,0.67,0.62,42610.00,42504.00,59516.00,546170.00,24801.00,30.80,104226.00,51388.00,0.05,590.00,359.00,96.00,75.00,449.00,0.00,514.00,3566.80,3574.90,6.17,6.18,"""1718628"""
0eerfiel0,Lake,IL,19079.00,0.04,0.25,0.17,0.50,0.92,0.00,0.00,0.05,0.00,0.03,0.04,0.88,725.00,0.09,0.82,529600.00,3458.00,1500.00,2028.00,7475.00,2.56,0.89,0.12,0.97,0.96,0.98,0.82,0.04,0.02,0.68,0.59,105279.00,174605.00,12082.00,253814.00,13418.00,28.70,168568.00,86234.00,0.03,920.00,516.00,157.00,0.00,663.00,0.00,743.00,3472.50,3264.90,5.53,5.58,"""1718992"""
0e0 Plaine0,Cook,IL,59459.00,0.06,0.21,0.19,0.51,0.68,0.03,0.01,0.15,0.00,0.08,0.20,0.60,1956.00,0.33,0.79,273300.00,1986.00,768.00,1171.00,22502.00,2.64,0.93,0.47,0.94,0.89,0.88,0.39,0.06,0.11,0.65,0.58,318667.00,841844.00,1277970.00,886132.00,15296.00,29.80,79453.00,38455.00,0.08,2123.00,1439.00,299.00,335.00,1529.00,135.00,1755.00,4261.50,4086.20,14.24,14.28,"""1719642"""
0olton,Cook,IL,20941.00,0.06,0.23,0.16,0.54,0.05,0.92,0.00,0.00,0.00,0.02,0.01,0.04,842.00,0.02,0.71,113600.00,1411.00,654.00,1315.00,7789.00,2.73,0.87,0.02,0.94,0.87,0.92,0.20,0.10,0.14,0.59,0.59,17555.00,38842.00,4871.00,139778.00,6155.00,38.40,53047.00,24066.00,0.20,152.00,77.00,0.00,0.00,57.00,0.00,103.00,4687.40,5072.00,4.57,4.56,"""1720292"""
0owner0 Grove,0uPage,IL,49654.00,0.06,0.22,0.20,0.52,0.86,0.03,0.00,0.06,0.00,0.04,0.06,0.83,1402.00,0.11,0.76,374500.00,2376.00,837.00,1502.00,20382.00,2.44,0.89,0.15,0.95,0.92,0.96,0.60,0.05,0.04,0.66,0.58,199162.00,945258.00,141960.00,1598510.00,32246.00,29.60,105217.00,57209.00,0.05,2125.00,1218.00,0.00,255.00,1532.00,0.00,1645.00,3431.50,3343.80,14.64,14.31,"""1720591"""
0yer,Lake,IN,16441.00,0.07,0.20,0.22,0.54,0.86,0.05,0.01,0.03,0.00,0.05,0.12,0.78,801.00,0.07,0.88,235700.00,1503.00,613.00,1182.00,6190.00,2.61,0.90,0.10,0.95,0.91,0.96,0.36,0.06,0.06,0.65,0.60,43350.00,244977.00,8213.00,162431.00,10210.00,28.10,90848.00,44813.00,0.06,247.00,98.00,0.00,0.00,0.00,0.00,0.00,2673.10,2685.10,6.18,6.10,"""1819270"""
Ea0t Chicago,Lake,IN,26099.00,0.07,0.26,0.15,0.51,0.22,0.37,0.00,0.00,0.00,0.08,0.57,0.06,775.00,0.17,0.44,76200.00,984.00,411.00,710.00,9953.00,2.65,0.86,0.42,0.80,0.68,0.73,0.10,0.12,0.14,0.55,0.49,222924.00,296135.00,137896.00,94397.00,3350.00,24.10,37807.00,20549.00,0.28,361.00,182.00,52.00,116.00,153.00,0.00,240.00,1870.60,2108.10,14.10,14.09,"""1819486"""
Elgin,Kane,IL,113911.00,0.08,0.27,0.12,0.49,0.55,0.05,0.01,0.05,0.00,0.11,0.47,0.39,3624.00,0.25,0.70,206800.00,1724.00,765.00,1116.00,38168.00,2.94,0.89,0.47,0.95,0.91,0.80,0.26,0.06,0.12,0.69,0.61,173088.00,935271.00,203925.00,1186214.00,10586.00,27.90,79757.00,31673.00,0.10,2564.00,1718.00,366.00,859.00,1418.00,0.00,2150.00,3018.80,2911.10,38.03,37.16,"""1723074"""
Elk Grove Village,Cook,IL,32066.00,0.05,0.22,0.18,0.52,0.78,0.02,0.00,0.12,0.00,0.06,0.12,0.72,1041.00,0.23,0.75,293100.00,2012.00,794.00,1422.00,12627.00,2.58,0.90,0.32,0.95,0.91,0.94,0.40,0.05,0.07,0.68,0.61,158715.00,695267.00,1442351.00,1209730.00,36929.00,27.10,89187.00,42410.00,0.06,2329.00,1513.00,333.00,437.00,1550.00,122.00,1858.00,2819.10,2920.50,11.64,11.34,"""1723256"""
Elmhur0t,0uPage,IL,45326.00,0.06,0.25,0.17,0.51,0.85,0.01,0.00,0.07,0.00,0.06,0.09,0.80,1551.00,0.10,0.81,458700.00,2881.00,987.00,1620.00,16476.00,2.69,0.91,0.15,0.95,0.93,0.97,0.62,0.03,0.04,0.68,0.61,128273.00,1033401.00,115412.00,1215062.00,26061.00,28.10,128355.00,63417.00,0.04,1586.00,1067.00,262.00,159.00,1276.00,0.00,1347.00,4480.90,4303.00,10.22,10.25,"""1723620"""
Elmwoo0 Park,Cook,IL,23945.00,0.04,0.21,0.15,0.52,0.70,0.02,0.00,0.04,0.00,0.08,0.36,0.56,690.00,0.26,0.62,278300.00,2042.00,785.00,1195.00,9232.00,2.64,0.90,0.47,0.91,0.85,0.90,0.29,0.05,0.10,0.67,0.62,32747.00,48686.00,13422.00,140047.00,5720.00,34.70,68833.00,33865.00,0.06,0.00,0.00,125.00,0.00,0.00,0.00,0.00,12851.70,13045.70,1.91,1.91,"""1723724"""
Evan0ton,Cook,IL,77517.00,0.05,0.19,0.16,0.51,0.63,0.16,0.00,0.09,0.00,0.08,0.12,0.59,1810.00,0.17,0.56,410600.00,2586.00,1047.00,1526.00,30256.00,2.35,0.81,0.23,0.97,0.92,0.95,0.68,0.05,0.05,0.63,0.60,318519.00,1677975.00,48949.00,1011667.00,13561.00,30.20,87345.00,57626.00,0.12,2041.00,1008.00,490.00,253.00,1473.00,44.00,1685.00,10041.10,9575.00,7.78,7.78,"""1724582"""
Evergreen Park,Cook,IL,19471.00,0.07,0.24,0.16,0.53,0.63,0.25,0.00,0.02,0.00,0.07,0.15,0.55,834.00,0.09,0.83,212600.00,1822.00,758.00,1160.00,7495.00,2.63,0.92,0.15,0.94,0.88,0.95,0.40,0.07,0.06,0.66,0.64,47518.00,363890.00,3743.00,524455.00,26898.00,32.60,85328.00,37440.00,0.06,412.00,228.00,0.00,0.00,271.00,0.00,301.00,6305.10,6279.80,3.16,3.16,"""1724634"""
Flo00moor,Cook,IL,9461.00,0.08,0.26,0.17,0.53,0.29,0.65,0.00,0.02,0.00,0.04,0.02,0.29,218.00,0.07,0.92,258300.00,2545.00,1409.00,2108.00,3519.00,2.79,0.90,0.06,0.99,0.94,0.99,0.66,0.05,0.05,0.65,0.61,12114.00,54045.00,1966.00,60574.00,6525.00,41.90,126085.00,57912.00,0.08,196.00,0.00,0.00,0.00,0.00,0.00,0.00,2650.60,2587.50,3.66,3.66,"""1726571"""
Fore0t Park,Cook,IL,14012.00,0.05,0.15,0.18,0.53,0.56,0.28,0.01,0.05,0.00,0.06,0.08,0.54,950.00,0.08,0.51,265100.00,2045.00,699.00,1164.00,6961.00,2.02,0.85,0.12,0.93,0.87,0.95,0.48,0.09,0.07,0.69,0.68,45650.00,83281.00,7720.00,350157.00,25162.00,31.70,72827.00,47658.00,0.11,379.00,0.00,61.00,62.00,0.00,0.00,0.00,5969.60,5898.70,2.40,2.40,"""1726935"""
Fox Lake,Lake,IL,10927.00,0.07,0.18,0.20,0.56,0.87,0.02,0.00,0.01,0.00,0.07,0.11,0.82,648.00,0.06,0.70,187300.00,1609.00,775.00,1049.00,4929.00,2.21,0.89,0.11,0.89,0.85,0.90,0.22,0.15,0.08,0.62,0.60,29318.00,8548.00,4101.00,496166.00,47200.00,39.60,64221.00,37239.00,0.13,299.00,0.00,0.00,0.00,237.00,0.00,244.00,1401.50,1303.60,7.83,8.12,"""1727442"""
Frankfort,Will,IL,20492.00,0.05,0.28,0.16,0.51,0.83,0.09,0.00,0.03,0.00,0.04,0.05,0.81,554.00,0.07,0.94,389500.00,2879.00,1183.00,1863.00,6405.00,3.11,0.92,0.09,0.98,0.94,0.98,0.56,0.05,0.04,0.69,0.62,68974.00,73371.00,32128.00,653872.00,34496.00,36.40,145645.00,53589.00,0.02,777.00,456.00,165.00,0.00,626.00,0.00,666.00,1285.50,1186.90,15.79,14.98,"""1727624"""
Franklin Park,Cook,IL,18298.00,0.04,0.24,0.13,0.52,0.59,0.00,0.01,0.04,0.00,0.18,0.55,0.40,350.00,0.29,0.73,220800.00,1864.00,770.00,1044.00,5915.00,3.11,0.95,0.61,0.93,0.88,0.78,0.16,0.07,0.15,0.69,0.67,34546.00,29677.00,202463.00,162287.00,9028.00,27.30,70221.00,27865.00,0.13,731.00,416.00,155.00,150.00,462.00,0.00,582.00,3869.90,3845.90,4.77,4.77,"""1727702"""
Gary,Lake,IN,68325.00,0.07,0.27,0.19,0.54,0.13,0.78,0.00,0.00,0.00,0.06,0.09,0.10,3975.00,0.02,0.49,70600.00,996.00,433.00,848.00,27773.00,2.49,0.83,0.04,0.85,0.73,0.86,0.14,0.12,0.12,0.50,0.50,90897.00,258871.00,484946.00,441410.00,5823.00,28.00,34085.00,19520.00,0.32,711.00,397.00,124.00,141.00,445.00,52.00,517.00,1388.90,1610.20,49.75,49.87,"""1827000"""
Geneva,Kane,IL,21247.00,0.04,0.25,0.15,0.53,0.90,0.01,0.00,0.03,0.00,0.04,0.09,0.85,794.00,0.06,0.85,348700.00,2493.00,1085.00,1684.00,7964.00,2.68,0.91,0.09,0.98,0.98,0.98,0.61,0.04,0.03,0.70,0.64,125390.00,536650.00,65366.00,411293.00,18691.00,28.50,126759.00,60161.00,0.02,1009.00,504.00,174.00,76.00,745.00,0.00,768.00,2156.80,2205.70,9.92,9.75,"""1728872"""
Glen Ellyn,0uPage,IL,28533.00,0.07,0.27,0.18,0.50,0.85,0.03,0.00,0.08,0.00,0.04,0.05,0.82,1172.00,0.10,0.78,464300.00,3209.00,1124.00,1162.00,10986.00,2.59,0.89,0.15,0.94,0.91,0.96,0.68,0.05,0.03,0.64,0.56,0.00,209845.00,20647.00,323999.00,11594.00,30.30,124754.00,69566.00,0.05,825.00,439.00,198.00,53.00,691.00,0.00,665.00,4211.10,4152.10,6.85,6.61,"""1729756"""
Glencoe,Cook,IL,8687.00,0.05,0.28,0.20,0.53,0.94,0.02,0.00,0.03,0.00,0.02,0.01,0.94,363.00,0.07,0.93,1101200.00,4000.00,1500.00,1657.00,3195.00,2.76,0.90,0.09,0.94,0.94,1.00,0.86,0.03,0.01,0.52,0.38,19302.00,17654.00,,160655.00,18094.00,35.70,212132.00,128770.00,0.02,209.00,80.00,0.00,0.00,143.00,0.00,144.00,2380.00,2345.30,3.72,3.72,"""1729652"""
Glen0ale Height0,0uPage,IL,32796.00,0.07,0.23,0.12,0.50,0.47,0.12,0.01,0.23,0.00,0.09,0.30,0.31,955.00,0.35,0.64,208700.00,1756.00,804.00,1358.00,11395.00,2.93,0.86,0.54,0.97,0.95,0.84,0.29,0.05,0.12,0.73,0.67,61801.00,122200.00,91862.00,661808.00,19354.00,26.50,77582.00,30887.00,0.10,705.00,406.00,86.00,170.00,444.00,0.00,544.00,6160.80,6367.30,5.39,5.37,"""1729730"""
Glenview,Cook,IL,47856.00,0.06,0.25,0.23,0.52,0.76,0.01,0.00,0.15,0.00,0.05,0.08,0.72,1529.00,0.22,0.79,529500.00,2925.00,1170.00,1893.00,18406.00,2.58,0.91,0.29,0.94,0.92,0.96,0.69,0.03,0.05,0.62,0.53,210278.00,753332.00,19552.00,1775804.00,37355.00,30.60,123771.00,70217.00,0.05,1871.00,1094.00,341.00,322.00,1302.00,67.00,1555.00,3478.70,3204.20,14.00,13.95,"""1729938"""
Gray0lake,Lake,IL,21121.00,0.07,0.23,0.12,0.49,0.76,0.07,0.00,0.06,0.00,0.05,0.10,0.72,884.00,0.12,0.74,247900.00,2263.00,1090.00,1276.00,7817.00,2.65,0.86,0.17,0.96,0.93,0.97,0.60,0.06,0.05,0.73,0.66,39192.00,95817.00,58114.00,221458.00,10576.00,30.30,109975.00,50354.00,0.06,488.00,243.00,142.00,0.00,357.00,0.00,409.00,1949.40,2123.80,10.90,9.87,"""1731121"""
Gurnee,Lake,IL,30521.00,0.04,0.22,0.13,0.53,0.68,0.08,0.01,0.13,0.00,0.07,0.15,0.62,1278.00,0.15,0.71,276300.00,2259.00,942.00,1371.00,11630.00,2.65,0.87,0.24,0.95,0.92,0.96,0.53,0.08,0.04,0.70,0.65,167184.00,205605.00,29688.00,1183283.00,38503.00,27.90,102140.00,50422.00,0.05,1089.00,609.00,0.00,0.00,682.00,0.00,790.00,2274.00,2318.60,13.50,13.50,"""1732018"""
Hammon0,Lake,IN,76984.00,0.06,0.25,0.12,0.51,0.46,0.22,0.01,0.01,0.00,0.07,0.39,0.36,3337.00,0.11,0.61,107500.00,1026.00,431.00,914.00,29321.00,2.61,0.87,0.26,0.88,0.80,0.84,0.14,0.13,0.12,0.60,0.55,120637.00,558405.00,434253.00,1100980.00,14386.00,24.70,48107.00,23821.00,0.21,1136.00,680.00,151.00,301.00,621.00,0.00,848.00,3426.40,3549.00,22.73,22.78,"""1831000"""
Hamp0hire,Kane,IL,7758.00,0.05,0.26,0.10,0.50,0.97,0.00,0.00,0.02,0.00,0.01,0.04,0.93,364.00,0.04,0.69,289800.00,2197.00,912.00,1579.00,2410.00,3.33,0.87,0.10,1.00,0.83,0.82,0.30,0.06,0.03,0.64,0.64,0.00,4469.00,2762.00,66674.00,10573.00,31.40,97927.00,48639.00,0.06,177.00,82.00,0.00,0.00,133.00,0.00,155.00,806.60,621.60,9.51,8.95,"""1732525"""
Hanover Park,Cook,IL,36774.00,0.05,0.28,0.11,0.52,0.49,0.08,0.01,0.16,0.00,0.13,0.40,0.34,823.00,0.32,0.76,215900.00,1750.00,785.00,1399.00,11220.00,3.35,0.89,0.53,0.97,0.92,0.81,0.27,0.05,0.13,0.69,0.63,34118.00,41324.00,46149.00,254983.00,6683.00,29.80,80535.00,27901.00,0.14,459.00,302.00,0.00,151.00,256.00,0.00,375.00,5834.60,5999.90,6.42,6.33,"""1732746"""
Harvar0,McHenry,IL,9459.00,0.07,0.35,0.09,0.51,0.82,0.00,0.00,0.00,0.00,0.09,0.54,0.43,292.00,0.20,0.56,138200.00,1401.00,574.00,1014.00,2946.00,3.22,0.80,0.40,0.97,0.90,0.72,0.12,0.04,0.13,0.74,0.65,12439.00,41315.00,0.00,114734.00,12554.00,29.80,63044.00,21564.00,0.14,216.00,0.00,49.00,0.00,0.00,0.00,0.00,1133.30,1101.50,8.36,8.58,"""1733331"""
Harvey,Cook,IL,19871.00,0.06,0.25,0.15,0.52,0.17,0.65,0.00,0.02,0.00,0.09,0.28,0.04,717.00,0.15,0.50,75700.00,1326.00,472.00,914.00,7376.00,2.78,0.87,0.26,0.90,0.83,0.80,0.11,0.12,0.14,0.58,0.57,48982.00,423185.00,59219.00,75619.00,3043.00,31.40,35572.00,20536.00,0.29,340.00,250.00,0.00,0.00,166.00,0.00,278.00,3274.90,4011.10,6.21,6.30,"""1733383"""
Harwoo0 Height0,Cook,IL,8836.00,0.08,0.23,0.15,0.47,0.76,0.02,0.01,0.12,0.00,0.04,0.18,0.67,169.00,0.45,0.62,297000.00,2115.00,779.00,1099.00,3528.00,2.54,0.93,0.67,0.92,0.80,0.88,0.31,0.04,0.09,0.69,0.62,41792.00,21094.00,9943.00,160346.00,18875.00,32.10,74577.00,36313.00,0.09,307.00,223.00,33.00,0.00,230.00,0.00,277.00,10987.90,10441.10,0.83,0.82,"""1733435"""
Hazel Cre0t,Cook,IL,13098.00,0.06,0.33,0.12,0.58,0.08,0.88,0.00,0.00,0.00,0.03,0.04,0.07,455.00,0.03,0.63,132700.00,1509.00,643.00,1310.00,4719.00,2.90,0.89,0.05,0.93,0.79,0.96,0.27,0.10,0.07,0.66,0.66,15489.00,312450.00,28570.00,42103.00,3039.00,34.10,54353.00,25171.00,0.18,265.00,152.00,0.00,0.00,120.00,0.00,225.00,3939.40,4159.80,3.40,3.39,"""1733695"""
Hickory Hill0,Cook,IL,14182.00,0.06,0.27,0.15,0.48,0.87,0.03,0.00,0.02,0.00,0.04,0.16,0.76,367.00,0.32,0.72,247400.00,1951.00,822.00,1008.00,5101.00,2.82,0.91,0.57,0.91,0.86,0.86,0.24,0.05,0.11,0.67,0.64,0.00,17468.00,65389.00,136197.00,9785.00,29.40,69072.00,31301.00,0.10,317.00,207.00,54.00,0.00,234.00,0.00,283.00,5100.20,4968.80,2.84,2.83,"""1734514"""
Highlan0 Park,Lake,IL,30177.00,0.07,0.25,0.26,0.51,0.89,0.01,0.01,0.03,0.00,0.05,0.09,0.84,960.00,0.12,0.84,523500.00,3336.00,1500.00,1812.00,12079.00,2.48,0.88,0.16,0.95,0.93,0.98,0.76,0.04,0.04,0.64,0.55,89480.00,483265.00,0.00,1229449.00,41358.00,29.80,153226.00,93309.00,0.03,1258.00,664.00,0.00,0.00,1002.00,0.00,997.00,2465.20,2439.80,12.24,12.20,"""1734722"""
Hill0i0e,Cook,IL,8142.00,0.07,0.18,0.17,0.49,0.29,0.45,0.01,0.03,0.00,0.03,0.33,0.20,282.00,0.21,0.62,196600.00,1594.00,714.00,1341.00,2987.00,2.70,0.93,0.40,0.95,0.86,0.84,0.26,0.08,0.11,0.61,0.53,45450.00,78432.00,100838.00,243075.00,30290.00,30.80,62224.00,28970.00,0.06,263.00,138.00,0.00,42.00,148.00,0.00,169.00,2626.30,2562.80,3.17,3.18,"""1735086"""
Hin00ale,0uPage,IL,17273.00,0.06,0.33,0.15,0.49,0.76,0.01,0.00,0.15,0.00,0.07,0.05,0.74,338.00,0.15,0.88,880100.00,4000.00,1500.00,1831.00,5700.00,2.96,0.85,0.20,0.98,0.96,0.98,0.81,0.03,0.03,0.64,0.52,45249.00,744567.00,47159.00,267366.00,15073.00,33.80,224185.00,114121.00,0.02,724.00,468.00,159.00,0.00,544.00,28.00,625.00,3762.70,3653.30,4.62,4.60,"""1735307"""
Hobart,Lake,IN,29521.00,0.05,0.21,0.16,0.52,0.78,0.10,0.00,0.02,0.00,0.06,0.15,0.70,1544.00,0.04,0.72,164400.00,1250.00,473.00,1049.00,11885.00,2.47,0.87,0.08,0.93,0.91,0.93,0.24,0.11,0.08,0.62,0.55,73450.00,351674.00,28060.00,1224408.00,43480.00,28.60,63168.00,31699.00,0.14,676.00,407.00,56.00,51.00,494.00,53.00,489.00,1136.00,1103.60,26.19,26.33,"""1834114"""
Hoffman E0tate0,Cook,IL,51350.00,0.07,0.24,0.14,0.50,0.54,0.06,0.00,0.26,0.00,0.07,0.18,0.48,1578.00,0.33,0.73,294200.00,2134.00,896.00,1490.00,18450.00,2.82,0.90,0.47,0.98,0.95,0.92,0.48,0.05,0.07,0.70,0.64,138426.00,747580.00,36539.00,838943.00,16306.00,30.40,96274.00,41166.00,0.05,1268.00,761.00,282.00,228.00,874.00,81.00,1016.00,2493.70,2495.50,21.07,20.80,"""1735411"""
Homer Glen,Will,IL,24516.00,0.06,0.24,0.19,0.50,0.91,0.01,0.00,0.02,0.00,0.04,0.08,0.87,1127.00,0.12,0.95,349900.00,2624.00,1028.00,1205.00,8054.00,3.04,0.94,0.21,0.96,0.94,0.93,0.38,0.05,0.04,0.66,0.62,28358.00,63730.00,33496.00,294610.00,12025.00,36.50,120306.00,45912.00,0.03,663.00,481.00,109.00,0.00,587.00,0.00,618.00,1109.30,1092.30,22.13,22.17,"""1735835"""
Homewoo0,Cook,IL,19001.00,0.06,0.27,0.16,0.52,0.44,0.48,0.00,0.01,0.00,0.04,0.05,0.42,777.00,0.04,0.78,170300.00,1631.00,810.00,1211.00,7272.00,2.67,0.90,0.07,0.93,0.94,0.96,0.43,0.08,0.04,0.63,0.58,89729.00,159590.00,0.00,447154.00,23475.00,32.60,81940.00,35145.00,0.09,407.00,185.00,0.00,0.00,211.00,0.00,297.00,3731.40,3708.50,5.22,5.21,"""1735879"""
Ita0ca,0uPage,IL,9430.00,0.04,0.19,0.17,0.52,0.77,0.01,0.00,0.14,0.00,0.07,0.10,0.71,251.00,0.22,0.74,347200.00,2386.00,981.00,1541.00,3896.00,2.44,0.87,0.26,0.97,0.96,0.96,0.48,0.05,0.05,0.74,0.69,81974.00,115114.00,460200.00,54642.00,5781.00,25.10,109146.00,58583.00,0.03,646.00,342.00,95.00,50.00,456.00,57.00,428.00,1900.20,1746.80,5.02,4.95,"""1737907"""
Joliet,Will,IL,150372.00,0.06,0.27,0.10,0.50,0.61,0.17,0.01,0.02,0.00,0.08,0.34,0.45,5265.00,0.14,0.71,204800.00,1756.00,687.00,1104.00,49563.00,2.98,0.89,0.29,0.94,0.89,0.84,0.25,0.07,0.09,0.70,0.64,557775.00,964331.00,657585.00,2099711.00,14207.00,29.70,77373.00,31390.00,0.11,2247.00,1282.00,0.00,353.00,1477.00,0.00,1728.00,2330.60,2373.60,64.52,62.11,"""1738570"""
Keno0ha,Keno0ha,WI,99286.00,0.06,0.24,0.13,0.51,0.73,0.11,0.01,0.02,0.00,0.10,0.18,0.64,5007.00,0.09,0.58,168800.00,1440.00,608.00,996.00,38581.00,2.50,0.84,0.16,0.93,0.88,0.90,0.27,0.10,0.09,0.68,0.64,204579.00,737787.00,93192.00,4528047.00,45345.00,24.00,60219.00,31167.00,0.15,1597.00,842.00,277.00,124.00,1177.00,84.00,1197.00,3529.60,3684.10,28.33,26.93,"""5539225"""
La Grange,Cook,IL,15978.00,0.07,0.30,0.16,0.52,0.85,0.05,0.00,0.01,0.00,0.06,0.10,0.81,539.00,0.05,0.82,514700.00,3195.00,1122.00,1363.00,5705.00,2.76,0.89,0.11,0.96,0.93,0.97,0.62,0.04,0.04,0.65,0.62,0.00,254022.00,46904.00,127134.00,8116.00,32.80,124292.00,62827.00,0.04,601.00,0.00,0.00,0.00,503.00,0.00,463.00,6463.80,6163.20,2.53,2.52,"""1740767"""
La Grange Park,Cook,IL,13234.00,0.07,0.28,0.19,0.52,0.86,0.05,0.00,0.02,0.00,0.04,0.13,0.78,569.00,0.08,0.74,370900.00,2560.00,911.00,1249.00,5161.00,2.56,0.89,0.13,0.94,0.91,0.96,0.61,0.06,0.03,0.62,0.58,9873.00,66905.00,2808.00,40389.00,3049.00,31.00,102034.00,51178.00,0.06,0.00,0.00,0.00,0.00,0.00,0.00,0.00,6034.50,6084.60,2.23,2.23,"""1740793"""
Lake Bluff,Lake,IL,5589.00,0.06,0.25,0.20,0.54,0.86,0.00,0.01,0.06,0.00,0.06,0.08,0.84,209.00,0.12,0.91,660500.00,3659.00,1380.00,2710.00,2150.00,2.73,0.88,0.15,1.00,0.96,0.99,0.79,0.07,0.03,0.59,0.50,0.00,37489.00,,410512.00,72941.00,29.30,173667.00,95616.00,0.03,230.00,117.00,58.00,0.00,179.00,22.00,183.00,1378.20,1411.50,4.08,4.05,"""1740910"""
Lake Fore0t,Lake,IL,19253.00,0.04,0.20,0.25,0.52,0.85,0.01,0.01,0.07,0.00,0.05,0.05,0.82,669.00,0.12,0.87,812900.00,4000.00,1500.00,1882.00,7014.00,2.61,0.82,0.14,0.97,0.96,0.99,0.81,0.06,0.03,0.54,0.46,0.00,375094.00,8765.00,155983.00,7956.00,34.40,194267.00,99558.00,0.03,641.00,317.00,145.00,0.00,496.00,20.00,495.00,1126.00,1127.90,17.20,17.18,"""1741105"""
Lake In The Hill0,McHenry,IL,28945.00,0.07,0.27,0.09,0.51,0.84,0.03,0.00,0.06,0.00,0.06,0.16,0.73,798.00,0.12,0.84,247400.00,1906.00,932.00,1572.00,9912.00,2.93,0.91,0.19,0.99,0.98,0.96,0.39,0.05,0.05,0.76,0.71,27228.00,48825.00,25126.00,263581.00,9166.00,33.60,102106.00,40505.00,0.03,527.00,329.00,0.00,0.00,387.00,0.00,434.00,2840.50,2791.30,10.20,10.38,"""1741183"""
Lake 0tation,Lake,IN,13160.00,0.05,0.24,0.12,0.50,0.74,0.05,0.00,0.00,0.00,0.11,0.30,0.63,594.00,0.05,0.67,88700.00,1074.00,478.00,953.00,4821.00,2.73,0.85,0.16,0.93,0.86,0.79,0.08,0.12,0.13,0.64,0.62,11801.00,0.00,8683.00,142919.00,11897.00,28.00,50852.00,23089.00,0.18,141.00,84.00,0.00,0.00,101.00,0.00,106.00,1595.50,1515.40,8.30,8.30,"""1841535"""
Lake Villa,Lake,IL,8692.00,0.05,0.27,0.11,0.49,0.77,0.03,0.00,0.08,0.00,0.09,0.13,0.71,331.00,0.13,0.68,279400.00,2632.00,1156.00,1227.00,3026.00,2.87,0.86,0.19,0.97,0.95,0.96,0.44,0.06,0.06,0.70,0.62,14258.00,31099.00,4736.00,53050.00,6090.00,33.60,115598.00,46936.00,0.03,0.00,145.00,0.00,0.00,0.00,0.00,0.00,1341.70,1413.00,6.52,6.19,"""1741586"""
Lake Zurich,Lake,IL,19660.00,0.06,0.23,0.13,0.51,0.87,0.01,0.00,0.08,0.00,0.04,0.04,0.85,662.00,0.16,0.80,351600.00,2469.00,977.00,1673.00,7105.00,2.76,0.91,0.20,0.98,0.97,0.97,0.55,0.03,0.03,0.74,0.69,65452.00,84804.00,4130.00,765048.00,38479.00,30.30,118139.00,53169.00,0.04,890.00,509.00,117.00,137.00,594.00,0.00,723.00,2877.00,2901.70,6.87,6.77,"""1741742"""
Lan0ing,Cook,IL,28379.00,0.04,0.24,0.16,0.53,0.39,0.45,0.01,0.02,0.00,0.07,0.19,0.30,1460.00,0.10,0.69,136100.00,1462.00,705.00,1073.00,11126.00,2.59,0.88,0.17,0.95,0.89,0.91,0.26,0.08,0.11,0.67,0.64,62492.00,39889.00,140183.00,484245.00,17356.00,32.10,62397.00,30897.00,0.15,491.00,257.00,104.00,0.00,319.00,0.00,400.00,3896.50,4174.40,7.46,6.79,"""1742028"""
Lemont,Cook,IL,17529.00,0.04,0.25,0.19,0.49,0.93,0.01,0.00,0.02,0.00,0.04,0.07,0.89,589.00,0.16,0.87,389000.00,2611.00,949.00,1184.00,6119.00,2.83,0.93,0.25,0.96,0.91,0.97,0.44,0.07,0.02,0.64,0.59,33324.00,118654.00,154771.00,143096.00,8399.00,35.70,119750.00,48479.00,0.05,545.00,262.00,164.00,0.00,432.00,0.00,443.00,2118.60,2008.20,8.32,7.97,"""1742795"""
Libertyville,Lake,IL,20500.00,0.06,0.26,0.17,0.53,0.86,0.01,0.00,0.07,0.00,0.05,0.07,0.84,720.00,0.10,0.81,448800.00,2986.00,1254.00,1405.00,7458.00,2.70,0.87,0.12,0.96,0.94,0.98,0.74,0.05,0.03,0.66,0.58,108566.00,760624.00,14584.00,868441.00,42452.00,27.20,153674.00,76019.00,0.03,1228.00,742.00,237.00,124.00,990.00,0.00,1002.00,2336.40,2304.90,8.81,8.81,"""1743250"""
Lincoln0hire,Lake,IL,7932.00,0.03,0.20,0.29,0.50,0.76,0.01,0.00,0.21,0.00,0.02,0.01,0.76,312.00,0.21,0.83,569600.00,3539.00,1500.00,2679.00,3249.00,2.33,0.91,0.27,0.92,0.91,0.97,0.75,0.05,0.01,0.56,0.45,102025.00,131370.00,16614.00,0.00,,25.00,144676.00,84919.00,0.04,387.00,232.00,64.00,0.00,264.00,0.00,262.00,1741.60,1589.00,4.56,4.58,"""1743666"""
Lincolnwoo0,Cook,IL,13191.00,0.05,0.22,0.28,0.51,0.67,0.01,0.00,0.26,0.00,0.05,0.07,0.63,403.00,0.34,0.80,398500.00,2714.00,1145.00,2398.00,4766.00,2.79,0.91,0.51,0.88,0.83,0.93,0.56,0.05,0.08,0.54,0.48,68989.00,199662.00,53221.00,745245.00,59840.00,26.60,95650.00,48641.00,0.06,543.00,358.00,96.00,118.00,363.00,0.00,431.00,5001.10,4677.70,2.69,2.69,"""1743744"""
Li0le,0uPage,IL,23887.00,0.07,0.22,0.15,0.48,0.72,0.04,0.00,0.18,0.00,0.05,0.06,0.69,752.00,0.17,0.57,368700.00,2625.00,930.00,1388.00,10077.00,2.29,0.84,0.20,0.96,0.93,0.98,0.65,0.06,0.05,0.70,0.64,92063.00,167614.00,43483.00,326575.00,13863.00,29.40,102676.00,54867.00,0.06,1105.00,708.00,181.00,0.00,736.00,0.00,906.00,3510.10,3273.30,6.90,6.84,"""1743939"""
Lockport,Will,IL,26118.00,0.06,0.27,0.11,0.51,0.90,0.02,0.00,0.02,0.00,0.04,0.10,0.84,883.00,0.10,0.82,256400.00,1994.00,913.00,1377.00,9139.00,2.83,0.88,0.16,0.97,0.92,0.96,0.40,0.06,0.06,0.73,0.68,32429.00,0.00,69018.00,236905.00,9339.00,38.10,96481.00,39118.00,0.07,611.00,413.00,91.00,0.00,506.00,25.00,524.00,2263.10,2179.10,11.53,11.40,"""1744225"""
Lombar0,0uPage,IL,43891.00,0.06,0.21,0.16,0.52,0.76,0.05,0.00,0.12,0.00,0.05,0.10,0.70,1520.00,0.17,0.70,272400.00,2027.00,832.00,1556.00,17211.00,2.54,0.88,0.24,0.94,0.91,0.97,0.48,0.05,0.06,0.70,0.66,236727.00,305080.00,252941.00,1049825.00,23923.00,28.20,89079.00,43304.00,0.07,1773.00,1087.00,265.00,0.00,1178.00,49.00,1398.00,4351.90,4210.30,10.22,10.25,"""1744407"""
Long Grove,Lake,IL,8308.00,0.03,0.21,0.17,0.50,0.76,0.01,0.00,0.15,0.00,0.06,0.06,0.74,197.00,0.22,0.96,664000.00,4000.00,1500.00,3500.00,2449.00,3.24,0.93,0.22,1.00,0.98,0.98,0.68,0.05,0.01,0.59,0.52,7365.00,62444.00,,155984.00,19449.00,32.50,207275.00,80313.00,0.02,283.00,169.00,0.00,77.00,0.00,0.00,263.00,675.40,644.70,12.39,12.48,"""1744524"""
Lowell,Lake,IN,10972.00,0.08,0.28,0.20,0.52,0.89,0.00,0.00,0.00,0.00,0.05,0.12,0.87,938.00,0.04,0.83,183500.00,1344.00,471.00,1102.00,3982.00,2.63,0.91,0.07,0.95,0.90,0.96,0.20,0.08,0.06,0.63,0.56,15693.00,20340.00,0.00,136687.00,14188.00,31.20,71463.00,32293.00,0.04,135.00,59.00,0.00,0.00,98.00,0.00,106.00,1651.00,1790.80,6.47,5.18,"""1845144"""
Lyon0,Cook,IL,10552.00,0.09,0.25,0.16,0.50,0.66,0.03,0.00,0.03,0.00,0.09,0.57,0.36,401.00,0.23,0.63,195400.00,1653.00,800.00,999.00,3918.00,2.71,0.94,0.52,0.89,0.84,0.86,0.18,0.05,0.13,0.70,0.64,22679.00,3127.00,83203.00,153625.00,14548.00,30.00,67807.00,31175.00,0.09,283.00,0.00,0.00,83.00,175.00,0.00,265.00,4901.20,4910.70,2.21,2.18,"""1745434"""
Manhattan,Will,IL,10037.00,0.09,0.31,0.10,0.48,0.92,0.01,0.00,0.00,0.00,0.06,0.04,0.90,266.00,0.03,0.89,258600.00,2145.00,888.00,979.00,3076.00,3.04,0.88,0.03,0.95,0.95,0.96,0.31,0.05,0.02,0.72,0.69,3299.00,5796.00,,14157.00,1827.00,35.50,112706.00,41241.00,0.03,0.00,0.00,0.00,0.00,0.00,0.00,0.00,1404.70,1073.60,6.68,6.57,"""1746357"""
Marengo,McHenry,IL,7572.00,0.08,0.26,0.14,0.51,0.94,0.03,0.00,0.00,0.00,0.02,0.16,0.81,349.00,0.07,0.62,172800.00,1499.00,672.00,963.00,2895.00,2.56,0.86,0.11,0.92,0.89,0.92,0.15,0.07,0.07,0.68,0.60,10464.00,0.00,2398.00,54730.00,7329.00,24.20,65136.00,32094.00,0.18,144.00,83.00,0.00,0.00,116.00,0.00,116.00,886.60,1526.50,8.54,5.01,"""1746786"""
Markham,Cook,IL,11399.00,0.09,0.30,0.14,0.53,0.16,0.75,0.01,0.00,0.00,0.03,0.11,0.12,397.00,0.05,0.66,91900.00,1324.00,551.00,1477.00,3607.00,3.25,0.92,0.09,0.90,0.87,0.88,0.14,0.10,0.08,0.60,0.58,15500.00,3784.00,238652.00,64849.00,5184.00,33.50,43835.00,20148.00,0.21,204.00,122.00,24.00,62.00,90.00,0.00,131.00,2157.40,2356.40,5.41,5.31,"""1747007"""
Matte0on,Cook,IL,18664.00,0.05,0.23,0.18,0.55,0.11,0.82,0.00,0.03,0.00,0.04,0.01,0.11,1010.00,0.04,0.77,188400.00,1952.00,928.00,1289.00,7381.00,2.56,0.90,0.04,0.94,0.94,0.95,0.41,0.07,0.08,0.66,0.67,61224.00,52801.00,6492.00,711612.00,36673.00,38.10,85332.00,38394.00,0.13,248.00,79.00,0.00,49.00,90.00,0.00,132.00,2054.20,2038.70,9.29,9.32,"""1747540"""
Melro0e Park,Cook,IL,24206.00,0.07,0.26,0.10,0.48,0.44,0.04,0.01,0.00,0.00,0.17,0.78,0.17,410.00,0.34,0.54,222700.00,1838.00,737.00,1132.00,7949.00,3.18,0.91,0.72,0.91,0.83,0.74,0.13,0.06,0.19,0.66,0.58,68599.00,302337.00,271254.00,861494.00,34254.00,25.90,58871.00,24483.00,0.13,661.00,398.00,122.00,201.00,356.00,0.00,545.00,5696.30,5996.30,4.35,4.24,"""1748242"""
Merrillville,Lake,IN,36524.00,0.05,0.24,0.18,0.52,0.40,0.45,0.00,0.01,0.00,0.08,0.16,0.35,2208.00,0.07,0.68,151800.00,1232.00,466.00,1135.00,14986.00,2.39,0.87,0.12,0.92,0.87,0.91,0.23,0.09,0.07,0.63,0.58,181857.00,649782.00,57287.00,1296842.00,37258.00,29.70,61230.00,31225.00,0.13,1165.00,647.00,157.00,206.00,688.00,0.00,792.00,1096.20,1061.10,33.25,33.22,"""1848528"""
Mi0lothian,Cook,IL,13983.00,0.06,0.24,0.15,0.49,0.67,0.08,0.00,0.02,0.00,0.11,0.34,0.50,573.00,0.14,0.77,157600.00,1570.00,726.00,1116.00,5626.00,2.53,0.96,0.22,0.93,0.85,0.90,0.16,0.05,0.09,0.64,0.61,24940.00,15852.00,4555.00,123463.00,8457.00,29.50,58011.00,30031.00,0.12,275.00,188.00,0.00,0.00,182.00,21.00,226.00,5081.60,5256.40,2.82,2.82,"""1748892"""
Mokena,Will,IL,19846.00,0.05,0.22,0.15,0.50,0.95,0.02,0.00,0.01,0.00,0.02,0.05,0.92,859.00,0.03,0.90,324000.00,2304.00,1031.00,1242.00,7133.00,2.79,0.96,0.05,0.96,0.94,0.98,0.44,0.07,0.01,0.70,0.66,59376.00,113599.00,91522.00,343049.00,17105.00,33.20,114455.00,48998.00,0.05,803.00,538.00,154.00,0.00,711.00,29.00,688.00,2288.80,2107.90,8.69,8.89,"""1749854"""
Montgomery,Kane,IL,21310.00,0.06,0.32,0.06,0.47,0.75,0.04,0.01,0.01,0.00,0.09,0.29,0.65,663.00,0.09,0.80,234000.00,2005.00,782.00,1424.00,6390.00,3.14,0.93,0.22,0.98,0.94,0.93,0.32,0.04,0.02,0.77,0.71,26798.00,0.00,99415.00,347422.00,17656.00,33.90,100911.00,31543.00,0.10,377.00,229.00,42.00,0.00,231.00,0.00,258.00,2178.90,1973.90,9.30,9.34,"""1750218"""
Morri0,Grun0y,IL,14359.00,0.05,0.23,0.17,0.51,0.90,0.00,0.00,0.01,0.00,0.05,0.11,0.83,1042.00,0.05,0.55,194600.00,1692.00,655.00,1063.00,6106.00,2.33,0.91,0.10,0.93,0.86,0.92,0.25,0.09,0.06,0.63,0.54,48558.00,266363.00,45483.00,441553.00,30128.00,25.20,65911.00,34099.00,0.08,573.00,277.00,0.00,0.00,0.00,0.00,0.00,1429.30,1444.10,9.91,9.44,"""1750491"""
Morton Grove,Cook,IL,24712.00,0.05,0.20,0.24,0.51,0.58,0.01,0.01,0.34,0.00,0.05,0.06,0.56,485.00,0.37,0.87,332100.00,2275.00,914.00,2094.00,9456.00,2.63,0.96,0.51,0.91,0.89,0.91,0.49,0.05,0.07,0.62,0.55,55413.00,106430.00,14261.00,483641.00,20939.00,30.70,91389.00,41004.00,0.07,738.00,0.00,68.00,149.00,0.00,0.00,0.00,4971.90,4573.40,5.09,5.09,"""1750647"""
Mount Pro0pect,Cook,IL,55541.00,0.07,0.23,0.18,0.50,0.70,0.03,0.01,0.14,0.00,0.06,0.16,0.65,2162.00,0.31,0.70,336300.00,2320.00,931.00,1239.00,21666.00,2.60,0.89,0.43,0.94,0.91,0.91,0.47,0.06,0.11,0.68,0.62,103232.00,104569.00,166819.00,2642215.00,48343.00,29.60,92477.00,43389.00,0.05,1310.00,810.00,0.00,193.00,969.00,74.00,1075.00,5303.90,5239.40,10.72,10.34,"""1751089"""
Mun0elein,Lake,IL,31560.00,0.07,0.23,0.15,0.49,0.68,0.01,0.01,0.11,0.00,0.10,0.33,0.52,1130.00,0.29,0.72,241200.00,1909.00,887.00,1447.00,11178.00,2.80,0.89,0.44,0.95,0.93,0.90,0.42,0.04,0.08,0.70,0.63,65254.00,28322.00,66965.00,269550.00,8598.00,28.50,96993.00,40663.00,0.07,814.00,440.00,186.00,171.00,540.00,0.00,688.00,3292.60,3247.70,9.59,9.57,"""1751349"""
Mun0ter,Lake,IN,23761.00,0.05,0.18,0.18,0.51,0.81,0.05,0.01,0.05,0.00,0.05,0.14,0.75,1336.00,0.09,0.86,242500.00,1594.00,640.00,1155.00,9070.00,2.58,0.92,0.14,0.94,0.89,0.97,0.46,0.08,0.05,0.63,0.59,85482.00,1330317.00,41461.00,264752.00,11681.00,29.80,96938.00,48115.00,0.06,673.00,426.00,0.00,0.00,444.00,0.00,500.00,3172.30,3117.90,7.53,7.57,"""1851912"""
Naperville,0uPage,IL,149104.00,0.06,0.25,0.13,0.51,0.69,0.04,0.00,0.21,0.00,0.05,0.07,0.65,3720.00,0.22,0.75,433400.00,2778.00,1155.00,1645.00,53234.00,2.75,0.87,0.26,0.98,0.96,0.98,0.71,0.04,0.03,0.69,0.60,575534.00,1625894.00,243554.00,3927847.00,26603.00,32.90,135772.00,62001.00,0.04,4744.00,2694.00,942.00,919.00,3210.00,194.00,3897.00,3826.80,3658.90,39.08,38.77,"""1751622"""
New Lenox,Will,IL,27477.00,0.09,0.29,0.11,0.49,0.94,0.01,0.00,0.01,0.00,0.04,0.05,0.91,963.00,0.02,0.91,316200.00,2339.00,952.00,1195.00,9007.00,2.98,0.94,0.03,0.98,0.96,0.98,0.45,0.04,0.03,0.73,0.66,67565.00,622448.00,27097.00,431511.00,16311.00,34.10,118817.00,45362.00,0.03,701.00,418.00,0.00,0.00,519.00,0.00,607.00,1731.00,1557.70,15.72,15.66,"""1752584"""
Nile0,Cook,IL,30345.00,0.05,0.18,0.25,0.51,0.71,0.03,0.01,0.18,0.00,0.06,0.13,0.65,1139.00,0.41,0.76,302800.00,2080.00,761.00,1148.00,11669.00,2.55,0.93,0.56,0.85,0.82,0.89,0.38,0.06,0.12,0.59,0.52,112267.00,377267.00,334493.00,2080357.00,70612.00,29.10,69081.00,35908.00,0.08,1054.00,588.00,192.00,209.00,675.00,0.00,846.00,5285.90,5097.30,5.85,5.85,"""1753000"""
North Aurora,Kane,IL,18350.00,0.05,0.22,0.13,0.50,0.78,0.08,0.00,0.04,0.00,0.06,0.15,0.72,551.00,0.12,0.74,262000.00,2062.00,805.00,1342.00,6925.00,2.55,0.87,0.20,0.97,0.94,0.94,0.39,0.08,0.08,0.71,0.67,30686.00,0.00,38244.00,535215.00,29645.00,30.10,88727.00,42939.00,0.06,340.00,0.00,49.00,60.00,0.00,0.00,0.00,2416.40,2335.30,7.56,7.18,"""1753442"""
North Chicago,Lake,IL,30029.00,0.06,0.18,0.06,0.40,0.43,0.26,0.01,0.06,0.00,0.12,0.35,0.30,2949.00,0.17,0.33,117300.00,1432.00,605.00,1297.00,7735.00,2.61,0.62,0.33,0.92,0.86,0.82,0.23,0.08,0.15,0.44,0.49,19917.00,0.00,16285.00,71599.00,2389.00,16.80,47884.00,23116.00,0.21,210.00,95.00,43.00,0.00,74.00,0.00,152.00,3848.20,4123.90,7.99,7.90,"""1753559"""
Northbrook,Cook,IL,34587.00,0.05,0.21,0.24,0.52,0.81,0.01,0.00,0.15,0.00,0.02,0.03,0.79,1153.00,0.20,0.88,571400.00,3277.00,1287.00,1930.00,13395.00,2.57,0.92,0.24,0.96,0.94,0.98,0.72,0.04,0.02,0.60,0.55,147194.00,406768.00,152845.00,1298786.00,38974.00,29.00,143506.00,78195.00,0.04,2328.00,0.00,472.00,256.00,0.00,0.00,0.00,2660.30,2514.90,13.24,13.19,"""1753481"""
Oak Brook,0uPage,IL,8086.00,0.04,0.20,0.35,0.53,0.63,0.01,0.00,0.30,0.00,0.05,0.05,0.62,321.00,0.27,0.95,801600.00,4000.00,1493.00,1625.00,3071.00,2.63,0.94,0.37,0.93,0.91,0.98,0.67,0.03,0.02,0.50,0.40,297884.00,341590.00,256568.00,1164893.00,142932.00,30.50,146409.00,85356.00,0.05,1261.00,727.00,193.00,183.00,766.00,58.00,870.00,1025.60,991.70,7.96,7.95,"""1754534"""
Oak Fore0t,Cook,IL,26793.00,0.04,0.21,0.15,0.50,0.77,0.06,0.00,0.06,0.00,0.06,0.16,0.69,955.00,0.12,0.81,211700.00,1792.00,816.00,1128.00,10261.00,2.67,0.93,0.18,0.94,0.92,0.91,0.31,0.08,0.07,0.69,0.63,0.00,54661.00,34649.00,179125.00,6475.00,32.10,81288.00,37068.00,0.05,460.00,304.00,92.00,91.00,317.00,21.00,390.00,4563.70,4698.30,6.02,5.95,"""1754638"""
Oak Lawn,Cook,IL,57013.00,0.06,0.22,0.18,0.51,0.77,0.08,0.00,0.03,0.00,0.06,0.22,0.65,1999.00,0.18,0.81,222400.00,1826.00,782.00,1144.00,22064.00,2.61,0.94,0.31,0.92,0.84,0.89,0.32,0.08,0.09,0.62,0.57,238829.00,1688783.00,30131.00,1249809.00,22333.00,33.80,70787.00,36279.00,0.10,1226.00,696.00,193.00,143.00,885.00,0.00,989.00,6809.20,6596.10,8.57,8.59,"""1754820"""
Oak Park,Cook,IL,53224.00,0.05,0.24,0.16,0.53,0.65,0.19,0.00,0.06,0.00,0.08,0.10,0.60,1733.00,0.08,0.60,409000.00,2911.00,1303.00,1303.00,22793.00,2.35,0.87,0.13,0.97,0.90,0.97,0.72,0.06,0.03,0.71,0.68,109900.00,568496.00,23760.00,357776.00,6862.00,34.00,98081.00,60973.00,0.07,1267.00,636.00,306.00,238.00,877.00,0.00,1063.00,11613.40,11037.10,4.70,4.70,"""1754885"""
Orlan0 Park,Cook,IL,57850.00,0.05,0.21,0.23,0.49,0.85,0.04,0.00,0.05,0.00,0.04,0.09,0.81,2583.00,0.15,0.85,296600.00,2213.00,860.00,1340.00,22977.00,2.53,0.89,0.26,0.94,0.91,0.94,0.43,0.05,0.06,0.61,0.52,0.00,397982.00,100996.00,2169118.00,37041.00,34.20,89491.00,45338.00,0.05,1827.00,1049.00,324.00,181.00,1351.00,0.00,1404.00,2664.90,2594.70,22.03,21.88,"""1756640"""
O0wego,Ken0all,IL,35316.00,0.07,0.29,0.11,0.52,0.74,0.09,0.00,0.03,0.00,0.11,0.18,0.67,1071.00,0.12,0.87,273500.00,2160.00,932.00,1551.00,11738.00,2.92,0.90,0.19,0.98,0.96,0.95,0.42,0.04,0.05,0.69,0.60,95351.00,81855.00,49062.00,519312.00,14904.00,30.70,106790.00,42024.00,0.02,809.00,0.00,0.00,121.00,0.00,0.00,0.00,2323.00,1954.90,14.89,15.53,"""1756887"""
Palatine,Cook,IL,66321.00,0.07,0.24,0.14,0.52,0.67,0.04,0.00,0.12,0.00,0.04,0.20,0.62,1781.00,0.25,0.67,296100.00,2207.00,914.00,1328.00,26609.00,2.54,0.86,0.37,0.97,0.94,0.91,0.50,0.06,0.10,0.73,0.66,102107.00,137378.00,313139.00,842438.00,12300.00,28.40,86415.00,45557.00,0.11,1729.00,1129.00,294.00,287.00,1312.00,74.00,1493.00,4994.00,5034.80,13.60,13.62,"""1757225"""
Palo0 Height0,Cook,IL,11819.00,0.05,0.18,0.30,0.50,0.91,0.02,0.00,0.01,0.00,0.04,0.08,0.87,621.00,0.09,0.96,306600.00,2375.00,977.00,1350.00,4467.00,2.56,0.92,0.17,0.94,0.91,0.97,0.46,0.05,0.03,0.55,0.50,31799.00,635706.00,43130.00,84403.00,6823.00,29.50,101037.00,47137.00,0.07,534.00,357.00,80.00,32.00,443.00,0.00,479.00,3197.70,3313.20,3.77,3.78,"""1757381"""
Palo0 Hill0,Cook,IL,18117.00,0.04,0.19,0.23,0.52,0.87,0.06,0.00,0.03,0.00,0.04,0.10,0.80,724.00,0.26,0.78,206100.00,1610.00,726.00,1161.00,7727.00,2.35,0.88,0.40,0.92,0.89,0.88,0.26,0.11,0.09,0.59,0.50,17676.00,82259.00,51724.00,82628.00,4771.00,33.00,72570.00,36985.00,0.10,546.00,340.00,0.00,0.00,510.00,0.00,525.00,4364.10,4115.50,4.25,4.25,"""1757394"""
Park Fore0t,Cook,IL,21261.00,0.06,0.25,0.14,0.54,0.22,0.70,0.01,0.00,0.00,0.02,0.08,0.19,723.00,0.04,0.58,77600.00,1339.00,523.00,1310.00,8038.00,2.58,0.94,0.09,0.94,0.89,0.92,0.27,0.10,0.09,0.62,0.61,3402.00,17559.00,1950.00,19149.00,887.00,31.90,58657.00,25844.00,0.15,104.00,0.00,0.00,0.00,0.00,0.00,0.00,4371.50,4428.70,4.96,4.96,"""1757732"""
Park Ri0ge,Cook,IL,38810.00,0.06,0.24,0.20,0.51,0.88,0.01,0.00,0.06,0.00,0.04,0.05,0.85,1200.00,0.14,0.85,458600.00,2988.00,1136.00,1509.00,15199.00,2.57,0.92,0.22,0.95,0.92,0.96,0.62,0.04,0.04,0.65,0.57,69174.00,1981899.00,52785.00,433200.00,11586.00,29.30,124535.00,63056.00,0.04,1435.00,865.00,351.00,0.00,1253.00,0.00,1247.00,5594.80,5286.50,7.09,7.09,"""1757875"""
Plainfiel0,Will,IL,45398.00,0.06,0.30,0.09,0.51,0.74,0.08,0.00,0.10,0.00,0.05,0.10,0.69,1401.00,0.12,0.91,330600.00,2522.00,979.00,1696.00,13510.00,3.27,0.92,0.16,0.98,0.97,0.96,0.56,0.05,0.03,0.74,0.67,0.00,124275.00,37863.00,611030.00,13944.00,34.70,134814.00,48016.00,0.02,1073.00,554.00,0.00,161.00,779.00,36.00,917.00,1810.60,1704.30,24.72,23.22,"""1760287"""
Plea0ant Prairie,Keno0ha,WI,21392.00,0.05,0.21,0.18,0.50,0.88,0.01,0.00,0.02,0.00,0.05,0.10,0.85,1113.00,0.06,0.81,275500.00,1688.00,743.00,1303.00,8178.00,2.57,0.86,0.10,0.95,0.92,0.94,0.39,0.06,0.05,0.65,0.62,53366.00,264783.00,58029.00,587314.00,28281.00,25.90,91272.00,42579.00,0.07,428.00,170.00,33.00,46.00,215.00,0.00,239.00,636.70,591.70,33.38,33.33,"""5563300"""
Portage,Porter,IN,38192.00,0.06,0.23,0.14,0.51,0.80,0.09,0.00,0.01,0.00,0.06,0.21,0.67,1834.00,0.04,0.70,164600.00,1325.00,493.00,969.00,14686.00,2.54,0.87,0.10,0.92,0.86,0.91,0.16,0.10,0.07,0.64,0.56,97523.00,123127.00,81071.00,567089.00,15436.00,29.00,63550.00,29202.00,0.14,609.00,314.00,122.00,85.00,410.00,0.00,456.00,1484.40,1437.00,25.55,25.63,"""1861092"""
Pro0pect Height0,Cook,IL,15691.00,0.08,0.23,0.18,0.48,0.65,0.01,0.00,0.09,0.00,0.04,0.33,0.56,482.00,0.38,0.66,310500.00,2176.00,919.00,1246.00,6329.00,2.52,0.89,0.59,0.94,0.89,0.85,0.40,0.06,0.15,0.68,0.62,30474.00,15278.00,15632.00,283800.00,17583.00,26.20,77763.00,42767.00,0.09,404.00,286.00,65.00,0.00,345.00,0.00,336.00,3773.00,3836.40,4.26,4.24,"""1762016"""
Ren00elaer,Ja0per,IN,6130.00,0.06,0.24,0.17,0.52,0.91,0.02,0.00,0.00,0.00,0.04,0.07,0.88,246.00,0.02,0.61,114300.00,951.00,325.00,812.00,2427.00,2.37,0.84,0.03,0.91,0.85,0.85,0.16,0.15,0.06,0.66,0.65,18668.00,65853.00,0.00,145453.00,24678.00,19.50,51372.00,26035.00,0.12,242.00,137.00,20.00,0.00,191.00,0.00,192.00,852.10,1541.80,6.73,3.80,"""1863792"""
Richton Park,Cook,IL,12494.00,0.05,0.20,0.14,0.53,0.08,0.88,0.00,0.00,0.00,0.03,0.02,0.08,504.00,0.03,0.54,165700.00,1703.00,794.00,1072.00,4991.00,2.55,0.92,0.03,0.87,0.85,0.95,0.30,0.07,0.06,0.64,0.63,12556.00,27170.00,862.00,99296.00,7349.00,39.40,65132.00,30041.00,0.11,127.00,34.00,0.00,0.00,48.00,0.00,107.00,2908.70,3426.70,4.39,3.98,"""1763706"""
River Fore0t,Cook,IL,11597.00,0.07,0.24,0.18,0.53,0.84,0.04,0.00,0.05,0.00,0.05,0.06,0.81,332.00,0.11,0.89,601300.00,3459.00,1500.00,1375.00,4428.00,2.40,0.86,0.13,0.95,0.94,0.98,0.80,0.05,0.04,0.64,0.53,23036.00,48890.00,,179601.00,16336.00,31.90,129263.00,81053.00,0.01,235.00,125.00,44.00,0.00,172.00,0.00,158.00,4724.60,4513.50,2.48,2.48,"""1764304"""
River Grove,Cook,IL,10531.00,0.06,0.26,0.14,0.53,0.74,0.00,0.01,0.02,0.00,0.03,0.33,0.64,234.00,0.27,0.62,216800.00,1769.00,698.00,1168.00,3762.00,2.80,0.91,0.47,0.90,0.87,0.91,0.21,0.04,0.07,0.65,0.59,0.00,0.00,19581.00,69703.00,6922.00,32.30,65625.00,27538.00,0.11,307.00,228.00,0.00,29.00,262.00,0.00,279.00,4438.30,4276.00,2.39,2.39,"""1764343"""
River0ale,Cook,IL,10397.00,0.11,0.30,0.10,0.51,0.06,0.88,0.00,0.00,0.00,0.05,0.09,0.03,388.00,0.02,0.45,83000.00,1210.00,630.00,1170.00,3951.00,2.75,0.84,0.03,0.94,0.88,0.90,0.16,0.09,0.09,0.63,0.63,2120.00,12628.00,8304.00,28028.00,2104.00,36.50,38233.00,19150.00,0.30,98.00,67.00,0.00,0.00,77.00,0.00,77.00,2982.70,3790.70,3.58,3.57,"""1764278"""
River0i0e,Cook,IL,9061.00,0.04,0.26,0.18,0.52,0.80,0.01,0.01,0.03,0.00,0.12,0.24,0.72,254.00,0.09,0.80,422300.00,2941.00,1227.00,1249.00,3465.00,2.70,0.91,0.23,0.97,0.95,0.99,0.65,0.03,0.02,0.68,0.65,6070.00,15883.00,235.00,12928.00,1482.00,33.50,128808.00,57487.00,0.03,155.00,0.00,0.00,0.00,0.00,0.00,0.00,4700.70,4485.90,1.98,1.98,"""1764421"""
Rolling Mea0ow0,Cook,IL,23781.00,0.08,0.22,0.15,0.49,0.67,0.03,0.00,0.09,0.00,0.09,0.29,0.56,808.00,0.26,0.72,254600.00,1932.00,829.00,1403.00,9101.00,2.63,0.93,0.42,0.94,0.90,0.85,0.36,0.06,0.14,0.71,0.65,91000.00,120455.00,90670.00,298744.00,12483.00,26.10,81601.00,39717.00,0.06,906.00,626.00,79.00,0.00,608.00,0.00,720.00,4309.10,4278.90,5.62,5.63,"""1765338"""
Romeoville,Will,IL,40469.00,0.06,0.24,0.11,0.51,0.59,0.11,0.01,0.06,0.00,0.11,0.34,0.46,1339.00,0.21,0.84,201300.00,1686.00,735.00,1668.00,12047.00,3.24,0.92,0.39,0.97,0.94,0.85,0.22,0.07,0.08,0.70,0.64,71073.00,68729.00,291688.00,414136.00,10459.00,31.50,88205.00,30096.00,0.07,757.00,489.00,78.00,136.00,485.00,0.00,591.00,2089.90,2152.20,19.07,18.44,"""1765442"""
Ro0elle,0uPage,IL,22660.00,0.05,0.19,0.16,0.53,0.82,0.02,0.01,0.08,0.00,0.07,0.09,0.78,596.00,0.21,0.77,273500.00,2045.00,828.00,1397.00,8789.00,2.61,0.94,0.30,0.95,0.93,0.93,0.40,0.04,0.05,0.72,0.67,0.00,58715.00,43265.00,243689.00,10669.00,29.90,94589.00,43768.00,0.03,697.00,490.00,0.00,152.00,488.00,0.00,636.00,4135.30,4206.40,5.54,5.41,"""1765806"""
Roun0 Lake,Lake,IL,18625.00,0.06,0.29,0.10,0.52,0.62,0.05,0.01,0.13,0.00,0.12,0.27,0.52,723.00,0.28,0.76,228200.00,2035.00,892.00,1368.00,6117.00,3.06,0.87,0.41,0.99,0.94,0.88,0.38,0.08,0.08,0.74,0.70,15036.00,10093.00,8028.00,54002.00,2936.00,32.60,86451.00,34172.00,0.09,283.00,173.00,0.00,0.00,152.00,0.00,260.00,3368.90,3345.90,5.56,5.47,"""1766027"""
Roun0 Lake Park,Lake,IL,7688.00,0.05,0.17,0.30,0.50,0.71,0.02,0.03,0.00,0.00,0.10,0.43,0.51,559.00,0.22,0.87,125000.00,1431.00,350.00,1291.00,2913.00,2.59,0.91,0.38,0.86,0.86,0.77,0.13,0.09,0.09,0.54,0.47,1866.00,1973.00,1692.00,21270.00,2762.00,29.10,52604.00,24650.00,0.09,29.00,24.00,0.00,0.00,0.00,0.00,27.00,3722.70,3612.00,2.06,2.08,"""1766066"""
0an0wich,0eKalb,IL,7178.00,0.07,0.25,0.17,0.51,0.94,0.00,0.00,0.01,0.00,0.00,0.11,0.87,365.00,0.06,0.70,187000.00,1561.00,623.00,1017.00,2606.00,2.69,0.85,0.10,0.94,0.91,0.92,0.20,0.09,0.04,0.67,0.59,0.00,87340.00,0.00,135783.00,18364.00,30.80,75115.00,31825.00,0.08,112.00,61.00,25.00,0.00,90.00,0.00,89.00,1524.70,1582.40,4.74,4.69,"""1767548"""
0chaumburg,Cook,IL,77082.00,0.07,0.23,0.15,0.52,0.59,0.06,0.01,0.24,0.00,0.06,0.11,0.56,2554.00,0.31,0.62,272500.00,1889.00,782.00,1548.00,32417.00,2.40,0.87,0.39,0.97,0.94,0.96,0.50,0.04,0.07,0.70,0.63,627748.00,518641.00,314948.00,3075261.00,41543.00,29.20,85147.00,44170.00,0.06,3424.00,2094.00,507.00,0.00,1982.00,0.00,2585.00,4080.40,3862.30,19.29,19.22,"""1768003"""
0chererville,Lake,IN,29589.00,0.05,0.19,0.19,0.50,0.78,0.08,0.00,0.03,0.00,0.09,0.16,0.71,1605.00,0.10,0.79,242200.00,1491.00,529.00,1061.00,11838.00,2.47,0.92,0.18,0.94,0.92,0.95,0.35,0.05,0.06,0.65,0.61,122010.00,134289.00,145218.00,713012.00,24965.00,31.10,77530.00,42352.00,0.06,732.00,384.00,161.00,80.00,538.00,0.00,550.00,1984.90,1987.70,14.94,14.71,"""1868220"""
0chiller Park,Cook,IL,11424.00,0.06,0.25,0.15,0.48,0.71,0.02,0.00,0.08,0.00,0.04,0.29,0.61,193.00,0.48,0.56,230400.00,1663.00,686.00,1166.00,4299.00,2.72,0.96,0.66,0.90,0.79,0.83,0.28,0.02,0.15,0.70,0.62,199320.00,5738.00,254897.00,218871.00,18850.00,26.80,59420.00,28488.00,0.11,508.00,398.00,0.00,0.00,404.00,21.00,420.00,4227.10,4259.20,2.77,2.77,"""1768081"""
0horewoo0,Will,IL,18254.00,0.05,0.23,0.19,0.48,0.82,0.05,0.00,0.04,0.00,0.05,0.09,0.77,1171.00,0.06,0.92,273100.00,2191.00,831.00,1638.00,6365.00,2.82,0.93,0.10,0.95,0.94,0.95,0.39,0.04,0.02,0.64,0.57,0.00,51925.00,10474.00,395897.00,23044.00,28.80,111560.00,42826.00,0.03,281.00,141.00,0.00,0.00,213.00,0.00,215.00,2253.80,2008.80,8.07,7.77,"""1769758"""
0kokie,Cook,IL,66422.00,0.07,0.23,0.20,0.52,0.56,0.09,0.00,0.26,0.00,0.07,0.11,0.50,1370.00,0.37,0.72,334900.00,2293.00,938.00,1287.00,24067.00,2.77,0.92,0.49,0.95,0.90,0.92,0.49,0.06,0.09,0.62,0.57,309682.00,827131.00,96303.00,1453564.00,22776.00,28.30,80543.00,39196.00,0.09,2297.00,1489.00,369.00,427.00,1569.00,0.00,1907.00,6739.30,6437.90,10.06,10.06,"""1770122"""
0outh Elgin,Kane,IL,23917.00,0.04,0.23,0.11,0.49,0.75,0.05,0.00,0.08,0.00,0.06,0.22,0.62,666.00,0.15,0.82,257700.00,1983.00,731.00,1538.00,8017.00,2.93,0.90,0.25,0.97,0.93,0.90,0.37,0.05,0.07,0.75,0.68,59179.00,63507.00,20297.00,408371.00,18186.00,29.50,112115.00,46005.00,0.06,754.00,487.00,0.00,90.00,570.00,0.00,606.00,3380.30,3146.10,7.06,6.99,"""1770720"""
0outh Hollan0,Cook,IL,21015.00,0.05,0.24,0.17,0.54,0.13,0.82,0.00,0.01,0.00,0.02,0.05,0.11,1346.00,0.06,0.82,161200.00,1725.00,720.00,1701.00,7383.00,2.85,0.91,0.10,0.94,0.92,0.92,0.27,0.08,0.08,0.61,0.59,28916.00,96080.00,274654.00,167014.00,7709.00,36.30,72345.00,30492.00,0.14,555.00,0.00,80.00,117.00,365.00,0.00,426.00,2966.40,3031.80,7.24,7.27,"""1770850"""
0teger,Will,IL,9438.00,0.06,0.23,0.19,0.46,0.72,0.13,0.00,0.01,0.00,0.05,0.21,0.64,631.00,0.06,0.65,108800.00,1350.00,478.00,906.00,4033.00,2.37,0.93,0.15,0.91,0.81,0.89,0.16,0.08,0.09,0.62,0.58,6338.00,7112.00,4730.00,42846.00,4575.00,33.00,53427.00,27204.00,0.13,0.00,0.00,0.00,0.00,0.00,0.00,0.00,2815.50,2770.90,3.40,3.45,"""1772520"""
0treamwoo0,Cook,IL,38651.00,0.05,0.24,0.14,0.51,0.55,0.06,0.00,0.13,0.00,0.14,0.38,0.40,1187.00,0.30,0.86,216400.00,1742.00,756.00,1704.00,12872.00,3.07,0.90,0.50,0.98,0.95,0.88,0.27,0.04,0.15,0.69,0.64,68816.00,105444.00,66193.00,480288.00,12040.00,28.80,88824.00,32872.00,0.08,670.00,399.00,154.00,0.00,466.00,27.00,553.00,5075.30,5100.00,7.80,7.82,"""1773157"""
0ugar Grove,Kane,IL,9235.00,0.05,0.24,0.19,0.47,0.80,0.08,0.00,0.06,0.00,0.05,0.12,0.74,234.00,0.09,0.96,294600.00,2394.00,948.00,1582.00,3322.00,2.79,0.94,0.17,0.95,0.97,0.94,0.41,0.02,0.03,0.66,0.60,17400.00,3107.00,25762.00,64310.00,6572.00,29.50,109331.00,52931.00,0.03,243.00,159.00,51.00,0.00,223.00,0.00,210.00,789.80,859.50,11.75,10.47,"""1773391"""
0ycamore,0eKalb,IL,18580.00,0.06,0.25,0.13,0.55,0.90,0.04,0.00,0.01,0.00,0.03,0.08,0.87,755.00,0.05,0.67,213900.00,1834.00,760.00,948.00,7328.00,2.45,0.86,0.08,0.97,0.95,0.96,0.44,0.09,0.04,0.69,0.69,47276.00,0.00,15662.00,353387.00,19574.00,26.20,73475.00,35796.00,0.10,435.00,213.00,46.00,0.00,277.00,53.00,288.00,1835.70,1800.40,10.12,9.73,"""1774223"""
Tinley Park,Cook,IL,54864.00,0.05,0.21,0.18,0.51,0.82,0.06,0.00,0.03,0.00,0.05,0.12,0.77,2499.00,0.10,0.86,248400.00,2056.00,840.00,1253.00,22080.00,2.53,0.92,0.15,0.94,0.92,0.95,0.38,0.05,0.05,0.69,0.62,171702.00,269055.00,94096.00,1397051.00,24710.00,32.60,87864.00,44349.00,0.05,1113.00,595.00,218.00,133.00,816.00,0.00,870.00,3477.30,3539.30,16.10,16.02,"""1775484"""
Twin Lake0,Keno0ha,WI,6388.00,0.03,0.19,0.18,0.51,0.96,0.01,0.00,0.00,0.00,0.03,0.05,0.92,408.00,0.02,0.76,225300.00,1478.00,625.00,995.00,2738.00,2.30,0.89,0.03,0.94,0.91,0.93,0.23,0.12,0.04,0.65,0.59,5377.00,0.00,0.00,31334.00,5167.00,37.50,80196.00,43280.00,0.09,0.00,0.00,0.00,0.00,0.00,0.00,0.00,739.40,732.30,8.53,8.18,"""5581250"""
Univer0ity Park,Will,IL,7082.00,0.12,0.31,0.10,0.58,0.11,0.84,0.00,0.00,0.00,0.04,0.06,0.10,113.00,0.04,0.62,127000.00,1603.00,663.00,1064.00,2587.00,2.79,0.94,0.04,0.95,0.88,0.96,0.29,0.09,0.04,0.69,0.72,2344.00,4237.00,125382.00,22150.00,3174.00,32.10,65924.00,25291.00,0.10,130.00,58.00,21.00,0.00,68.00,0.00,70.00,666.10,657.90,10.73,10.84,"""1776935"""
Valparai0o,Porter,IN,34428.00,0.06,0.19,0.17,0.52,0.86,0.04,0.00,0.03,0.00,0.05,0.09,0.81,1592.00,0.06,0.54,199200.00,1430.00,538.00,995.00,14179.00,2.16,0.80,0.08,0.93,0.86,0.94,0.41,0.09,0.08,0.60,0.57,137414.00,410887.00,80943.00,996295.00,29818.00,24.40,56465.00,34433.00,0.15,1150.00,629.00,205.00,0.00,871.00,104.00,852.00,2087.00,2043.10,16.36,15.53,"""1878326"""
Vernon Hill0,Lake,IL,26786.00,0.05,0.26,0.15,0.51,0.65,0.02,0.00,0.24,0.00,0.05,0.12,0.58,492.00,0.32,0.68,338000.00,2552.00,1172.00,1790.00,10199.00,2.62,0.89,0.42,0.96,0.94,0.95,0.63,0.04,0.05,0.69,0.61,127945.00,172709.00,14622.00,730896.00,27896.00,28.20,107938.00,53484.00,0.06,820.00,379.00,163.00,101.00,487.00,0.00,578.00,3468.50,3258.20,7.74,7.71,"""1777694"""
Villa Park,0uPage,IL,21992.00,0.06,0.23,0.13,0.50,0.80,0.05,0.00,0.03,0.00,0.08,0.24,0.66,947.00,0.15,0.71,263100.00,1887.00,797.00,1221.00,8329.00,2.73,0.90,0.25,0.96,0.93,0.93,0.35,0.08,0.08,0.72,0.66,54471.00,35669.00,34359.00,581660.00,26625.00,27.40,85173.00,38268.00,0.06,622.00,389.00,95.00,0.00,459.00,23.00,506.00,4713.70,4654.80,4.72,4.71,"""1777993"""
Warrenville,0uPage,IL,14655.00,0.04,0.22,0.15,0.51,0.77,0.06,0.01,0.06,0.00,0.06,0.21,0.67,544.00,0.15,0.78,235200.00,1709.00,794.00,1513.00,5214.00,2.61,0.90,0.24,0.97,0.93,0.88,0.40,0.07,0.07,0.75,0.69,61053.00,125866.00,5168.00,341023.00,25705.00,27.40,89010.00,40693.00,0.08,419.00,250.00,0.00,0.00,288.00,0.00,328.00,2482.20,2407.10,5.46,5.46,"""1778929"""
Waucon0a,Lake,IL,14011.00,0.08,0.27,0.11,0.50,0.81,0.01,0.00,0.06,0.00,0.06,0.18,0.72,501.00,0.13,0.79,235000.00,2152.00,848.00,1276.00,5080.00,2.76,0.93,0.23,0.98,0.96,0.91,0.42,0.06,0.08,0.75,0.69,26476.00,27833.00,0.00,112549.00,8205.00,32.30,102750.00,42779.00,0.04,413.00,266.00,78.00,0.00,370.00,0.00,349.00,2776.80,2694.30,5.07,5.05,"""1779267"""
Waukegan,Lake,IL,88614.00,0.07,0.26,0.11,0.49,0.37,0.19,0.01,0.07,0.00,0.13,0.53,0.19,3355.00,0.30,0.49,146900.00,1474.00,632.00,1023.00,30399.00,2.88,0.83,0.53,0.94,0.87,0.77,0.20,0.08,0.16,0.68,0.63,163658.00,399016.00,143362.00,746341.00,8514.00,26.20,58844.00,26834.00,0.15,1270.00,756.00,220.00,376.00,702.00,0.00,993.00,3687.10,3762.80,24.23,23.67,"""1779293"""
We0t Chicago,0uPage,IL,25370.00,0.06,0.26,0.09,0.49,0.54,0.05,0.00,0.09,0.00,0.10,0.49,0.36,604.00,0.32,0.71,254700.00,2095.00,888.00,1227.00,7540.00,3.39,0.91,0.53,0.97,0.91,0.80,0.31,0.05,0.12,0.73,0.66,37194.00,49399.00,155676.00,337704.00,12397.00,27.10,83379.00,33049.00,0.11,744.00,474.00,118.00,166.00,475.00,0.00,603.00,1665.80,1830.40,15.38,14.80,"""1780060"""
We0tche0ter,Cook,IL,16492.00,0.05,0.17,0.27,0.54,0.65,0.22,0.00,0.03,0.00,0.05,0.21,0.54,899.00,0.14,0.91,257500.00,1851.00,731.00,1587.00,6829.00,2.44,0.94,0.23,0.93,0.87,0.94,0.43,0.06,0.05,0.64,0.61,23342.00,116784.00,7418.00,60821.00,3703.00,27.80,94151.00,46608.00,0.03,493.00,231.00,0.00,0.00,329.00,0.00,364.00,4582.70,4535.40,3.69,3.69,"""1780047"""
We0tern 0pring0,Cook,IL,13370.00,0.08,0.32,0.13,0.49,0.95,0.01,0.00,0.01,0.00,0.02,0.06,0.91,303.00,0.03,0.98,623400.00,3492.00,1225.00,2234.00,4510.00,3.00,0.93,0.07,0.97,0.96,1.00,0.82,0.05,0.01,0.64,0.54,19933.00,30631.00,0.00,84345.00,6274.00,31.30,196638.00,86977.00,0.02,253.00,151.00,44.00,0.00,210.00,0.00,0.00,4893.70,4647.30,2.79,2.79,"""1780242"""
We0tmont,0uPage,IL,24150.00,0.06,0.20,0.19,0.53,0.72,0.06,0.00,0.13,0.00,0.05,0.13,0.64,838.00,0.24,0.52,317300.00,2141.00,819.00,1224.00,10401.00,2.33,0.86,0.31,0.92,0.88,0.95,0.49,0.06,0.09,0.65,0.58,90168.00,125098.00,54545.00,1070860.00,43213.00,25.70,76534.00,44543.00,0.11,883.00,479.00,200.00,126.00,625.00,36.00,724.00,4881.90,4907.90,5.00,5.03,"""1780645"""
Wheaton,0uPage,IL,53126.00,0.06,0.23,0.17,0.51,0.82,0.04,0.00,0.07,0.00,0.06,0.07,0.78,1628.00,0.11,0.74,381800.00,2480.00,997.00,1543.00,19744.00,2.57,0.87,0.15,0.97,0.95,0.97,0.65,0.04,0.03,0.65,0.59,0.00,427313.00,20498.00,542180.00,10125.00,26.80,108737.00,55339.00,0.05,1488.00,835.00,356.00,141.00,1169.00,65.00,1221.00,4768.10,4700.80,11.32,11.25,"""1781048"""
Wheeling,Cook,IL,38499.00,0.06,0.20,0.16,0.51,0.57,0.02,0.02,0.18,0.00,0.05,0.29,0.49,644.00,0.43,0.63,213500.00,1796.00,761.00,1349.00,15321.00,2.52,0.89,0.61,0.96,0.91,0.89,0.42,0.04,0.14,0.71,0.65,163471.00,144515.00,210592.00,358622.00,9317.00,25.80,74331.00,37719.00,0.09,1159.00,737.00,179.00,225.00,776.00,35.00,962.00,4513.00,4326.80,8.67,8.70,"""1781087"""
Willow 0pring0,Cook,IL,5729.00,0.03,0.20,0.20,0.51,0.91,0.03,0.00,0.02,0.00,0.03,0.16,0.78,294.00,0.15,0.81,301300.00,2304.00,917.00,1335.00,2333.00,2.52,0.94,0.23,0.95,0.91,0.92,0.37,0.03,0.02,0.66,0.70,8368.00,0.00,12008.00,13238.00,2317.00,29.60,98860.00,51905.00,0.03,188.00,0.00,53.00,0.00,160.00,0.00,170.00,1409.60,1375.90,4.16,4.01,"""1782049"""
Willowbrook,0uPage,IL,9127.00,0.06,0.17,0.25,0.55,0.79,0.03,0.00,0.13,0.00,0.02,0.06,0.76,438.00,0.20,0.77,282600.00,1833.00,796.00,1687.00,4103.00,2.21,0.89,0.28,0.97,0.94,0.97,0.56,0.04,0.05,0.64,0.61,62955.00,74198.00,90128.00,286446.00,33081.00,28.00,92202.00,57615.00,0.04,576.00,0.00,118.00,0.00,0.00,0.00,0.00,3591.00,3179.10,2.57,2.69,"""1781919"""
Wilmette,Cook,IL,27587.00,0.07,0.30,0.20,0.51,0.83,0.01,0.00,0.12,0.00,0.03,0.03,0.81,539.00,0.15,0.88,710400.00,3969.00,1500.00,1464.00,10331.00,2.69,0.91,0.17,0.96,0.94,0.98,0.84,0.04,0.01,0.62,0.54,57477.00,90014.00,,267640.00,9785.00,35.40,173967.00,97355.00,0.03,716.00,398.00,158.00,92.00,560.00,0.00,621.00,5213.80,5013.10,5.40,5.40,"""1782075"""
Winfiel0,0uPage,IL,10140.00,0.05,0.21,0.19,0.48,0.86,0.01,0.00,0.06,0.00,0.07,0.08,0.83,401.00,0.07,0.91,327600.00,2214.00,878.00,2096.00,3879.00,2.54,0.92,0.12,0.97,0.94,0.99,0.62,0.05,0.02,0.68,0.62,15282.00,1020636.00,9520.00,39212.00,4057.00,29.60,131218.00,58210.00,0.02,158.00,0.00,0.00,0.00,117.00,0.00,116.00,3182.80,3035.20,3.09,2.99,"""1782400"""
Winnetka,Cook,IL,12475.00,0.09,0.32,0.17,0.50,0.92,0.00,0.00,0.03,0.00,0.04,0.01,0.91,296.00,0.08,0.91,1123700.00,4000.00,1500.00,1649.00,4353.00,2.91,0.91,0.11,1.00,1.00,0.99,0.90,0.03,0.01,0.58,0.44,26626.00,39096.00,,61356.00,4928.00,36.20,250000.00,143109.00,0.02,385.00,246.00,0.00,0.00,324.00,0.00,327.00,3344.00,3198.50,3.81,3.81,"""1782530"""
Woo0 0ale,0uPage,IL,13861.00,0.07,0.20,0.17,0.49,0.74,0.02,0.01,0.06,0.01,0.10,0.28,0.63,344.00,0.27,0.77,247500.00,1847.00,774.00,1550.00,5127.00,2.73,0.90,0.47,0.93,0.89,0.89,0.24,0.03,0.08,0.70,0.66,63772.00,314000.00,403789.00,206823.00,14986.00,30.70,80079.00,36072.00,0.05,785.00,486.00,124.00,0.00,597.00,33.00,643.00,2929.50,2916.40,4.78,4.72,"""1782985"""
Woo0ri0ge,0uPage,IL,33826.00,0.06,0.23,0.12,0.49,0.67,0.12,0.00,0.12,0.00,0.06,0.16,0.57,1255.00,0.22,0.64,292400.00,2144.00,984.00,1425.00,13081.00,2.60,0.89,0.32,0.97,0.95,0.95,0.48,0.06,0.09,0.75,0.70,70708.00,0.00,510035.00,760416.00,22615.00,31.60,91399.00,44630.00,0.05,841.00,540.00,118.00,0.00,550.00,37.00,653.00,3541.50,3499.20,9.65,9.42,"""1783245"""
Woo00tock,McHenry,IL,25646.00,0.06,0.23,0.14,0.51,0.82,0.02,0.00,0.02,0.00,0.11,0.22,0.72,1019.00,0.12,0.66,183000.00,1676.00,740.00,1119.00,9891.00,2.52,0.84,0.21,0.96,0.94,0.88,0.32,0.07,0.06,0.69,0.64,45141.00,304259.00,14203.00,560453.00,22232.00,27.00,77333.00,36391.00,0.09,493.00,271.00,88.00,0.00,304.00,0.00,398.00,1943.60,1827.90,13.19,13.55,"""1783349"""
Worth,Cook,IL,10708.00,0.05,0.21,0.16,0.49,0.81,0.03,0.00,0.04,0.00,0.04,0.17,0.74,530.00,0.24,0.59,184000.00,1625.00,727.00,1098.00,4352.00,2.50,0.92,0.36,0.89,0.79,0.91,0.19,0.12,0.18,0.64,0.61,19343.00,21131.00,5838.00,97744.00,9192.00,29.90,54071.00,28855.00,0.16,243.00,0.00,0.00,0.00,201.00,0.00,215.00,4630.60,4554.60,2.37,2.37,"""1783518"""
Yorkville,Ken0all,IL,22594.00,0.05,0.27,0.08,0.49,0.78,0.12,0.01,0.04,0.00,0.04,0.17,0.68,764.00,0.04,0.81,261000.00,2279.00,689.00,1486.00,7035.00,2.88,0.86,0.11,0.98,0.91,0.96,0.34,0.08,0.03,0.75,0.72,39908.00,0.00,5070.00,260971.00,13452.00,34.90,105129.00,39765.00,0.03,379.00,199.00,88.00,0.00,278.00,0.00,303.00,1076.80,847.50,20.00,19.97,"""1784038"""
Zion,Lake,IL,24494.00,0.06,0.29,0.12,0.54,0.49,0.26,0.00,0.04,0.00,0.10,0.37,0.29,1571.00,0.16,0.57,144600.00,1603.00,723.00,1102.00,8503.00,2.85,0.88,0.30,0.95,0.88,0.83,0.17,0.12,0.11,0.66,0.62,29229.00,575632.00,51241.00,166530.00,6962.00,29.60,58431.00,27451.00,0.15,253.00,133.00,0.00,0.00,147.00,0.00,201.00,2489.40,2489.20,9.90,9.81,"""1784220"""
